Query,DocumentIDs
What are the effects of calcium on the physical properties of mucus from CF patients,"[688, 632, 318, 1029, 639, 842, 851, 350, 525, 673, 1013, 576, 899, 628, 266, 955, 985, 456, 612, 1037, 652, 71, 836, 424, 890, 46, 640, 96, 849, 419, 831, 429, 185, 938, 858, 58, 375, 741, 200, 238, 633, 189, 984, 661, 197, 505, 710, 1087, 470, 468, 138, 444, 569, 928, 657, 11, 347, 467, 386, 1002, 330, 820, 1050, 726, 595, 143, 852, 635, 760, 1187, 462, 17, 989, 45, 1086, 1110, 1071, 373, 692, 478, 108, 779, 977, 229, 413, 334, 161, 722, 599, 442, 654, 827, 912, 645, 167, 817, 1175, 423, 1093, 357, 991, 479, 1030, 1059, 1099, 807, 298, 1159, 1058, 574, 1138, 925, 44, 32, 72, 169, 216, 384, 404, 649, 1081, 957, 1009, 498, 514, 1183, 418, 66, 904, 106, 822, 789, 995, 485, 882, 1022, 626, 669, 152, 718, 582, 367, 683, 88, 967, 455, 507, 359, 896, 797, 521, 876, 583, 1104, 1079, 300, 403, 1129, 828, 14, 150, 865, 1094, 530, 1195, 349, 923, 609, 1116, 752, 0, 395, 433, 548, 611, 445, 914, 1120, 508, 545, 747, 1097, 133, 247, 704, 190, 691, 875, 454, 921, 89, 1028, 180, 992, 164, 491, 857, 20, 101, 1202, 25, 934, 168, 1012, 288, 616, 818, 950, 57, 945, 270, 1027, 1007, 299, 338, 366, 541, 360, 834, 618, 466, 1101, 766, 222, 515, 563, 1052, 127, 700, 1135, 310, 1000, 1197, 90, 703, 682, 326, 753, 677, 121, 856, 1131, 23, 659, 792, 786, 1130, 729, 1126, 471, 543, 29, 719, 689, 420, 517, 362, 221, 917, 256, 271, 342, 398, 240, 1185, 773, 951, 589, 119, 38, 358, 975, 7, 55, 713, 814, 889, 824, 388, 302, 997, 733, 764, 941, 930, 1145, 268, 37, 812, 220, 399, 2, 458, 499, 811, 1144, 1162, 1156, 1199, 644, 128, 539, 670, 738, 1084, 205, 854, 867, 684, 41, 111, 287, 943, 809, 637, 1113, 137, 453, 888, 67, 336, 446, 841, 1031, 832, 1177, 568, 746, 346, 668, 31, 966, 1198, 610, 799, 436, 1128, 1153, 232, 6, 172, 182, 716, 920, 770, 1054, 281, 293, 335, 893, 115, 284, 869, 1160, 1147, 474, 614, 697, 907, 973, 804, 1015, 861, 345, 213, 278, 1178, 124, 1043, 154, 473, 324, 999, 405, 606, 800, 1167, 784, 3, 720, 322, 295, 660, 73, 340, 165, 956, 392, 463, 910, 301, 1140, 690, 847, 125, 528, 1085, 192, 387, 627, 953, 829, 203, 207, 39, 123, 672, 794, 748, 837, 13, 781, 560, 1033, 721, 571, 959, 206, 971, 184, 535, 93, 1169, 1158, 59, 613, 110, 144, 533, 946, 843, 1188, 1019, 250, 524, 531, 711, 1078, 226, 768, 782, 122, 97, 132, 685, 581, 537, 1171, 469, 621, 1154, 527, 149, 86, 506, 1069, 1075, 1127, 477, 1143, 743, 1132, 982, 224, 259, 1053, 1014, 1150, 202, 488, 159, 1100, 35, 18, 459, 566, 1105, 394, 316, 587, 1008, 1088, 438, 552, 402, 885, 160, 675, 1070, 754, 494, 880, 304, 355, 1141, 776, 549, 1032, 1080, 440, 483, 328, 461, 558, 562, 489, 630, 155, 615, 1018, 664, 265, 246, 727, 895, 695, 1108, 601, 191, 481, 1023, 728, 199, 1122, 356, 496, 1005, 730, 990, 495, 290, 1118, 434, 258, 911, 835, 970, 178, 520, 948, 762, 91, 174, 353, 80, 1092, 986, 493, 15, 16, 641, 94, 131, 341, 775, 825, 924, 267, 209, 1056, 417, 602, 118, 650, 866, 898, 765, 1016, 1182, 1024, 100, 141, 810, 646, 107, 415, 909, 1001, 671, 280, 878, 257, 245, 339, 237, 1055, 665, 870, 803, 619, 294, 567, 994, 939, 805, 354, 976, 590, 465, 1180, 931, 785, 778, 926, 901, 968, 129, 1124, 390, 50, 30, 780, 605, 1003, 570, 217, 146, 845, 325, 1207, 292, 75, 449, 187, 593, 157, 850, 1107, 756, 678, 28, 378, 1139, 315, 502, 236, 305, 497, 884, 509, 272, 183, 274]"
Can one distinguish between the effects of mucus hypersecretion and infection on the submucosal glands of the respiratory tract in CF,"[673, 1013, 167, 108, 266, 820, 882, 185, 347, 851, 632, 726, 865, 169, 71, 951, 466, 854, 96, 11, 985, 200, 334, 831, 302, 661, 669, 688, 1087, 657, 722, 1030, 917, 576, 595, 921, 17, 216, 889, 652, 1081, 424, 386, 736, 817, 58, 848, 836, 429, 478, 419, 659, 912, 479, 569, 338, 1187, 989, 938, 955, 326, 508, 270, 633, 846, 740, 1052, 467, 1009, 1156, 719, 945, 189, 635, 238, 760, 1027, 32, 779, 949, 692, 1071, 713, 977, 1086, 1029, 543, 57, 710, 852, 1129, 433, 863, 849, 498, 1032, 1050, 890, 168, 598, 853, 583, 1138, 122, 197, 857, 1007, 914, 1085, 46, 89, 287, 220, 904, 507, 1094, 330, 896, 1196, 1043, 1176, 1202, 367, 442, 1178, 582, 811, 818, 1058, 45, 1061, 97, 423, 505, 589, 203, 322, 379, 689, 384, 620, 111, 225, 485, 1120, 318, 456, 462, 628, 298, 639, 1183, 797, 950, 660, 1033, 995, 106, 342, 645, 599, 698, 704, 867, 1175, 773, 907, 691, 766, 410, 874, 1022, 709, 925, 842, 349, 1101, 114, 807, 1066, 293, 418, 521, 747, 373, 221, 271, 545, 1145, 1093, 2, 957, 161, 682, 514, 614, 827, 700, 222, 406, 649, 796, 1195, 943, 55, 247, 288, 792, 934, 856, 967, 6, 1084, 731, 876, 66, 1162, 264, 606, 828, 23, 260, 398, 1197, 143, 445, 263, 359, 969, 1134, 233, 1185, 395, 784, 25, 616, 73, 403, 717, 1037, 39, 626, 734, 839, 1118, 1128, 618, 980, 1199, 358, 1169, 357, 725, 992, 152, 637, 908, 213, 41, 1059, 454, 581, 1031, 88, 38, 172, 1177, 360, 133, 371, 470, 609, 1168, 858, 350, 899, 129, 468, 539, 1104, 256, 525, 72, 0, 3, 20, 547, 683, 413, 458, 1208, 124, 464, 210, 1012, 1140, 1076, 205, 741, 941, 1194, 14, 1028, 517, 822, 369, 1079, 1116, 336, 832, 346, 563, 68, 568, 686, 1105, 975, 324, 471, 556, 959, 1126, 684, 703, 190, 541, 463, 574, 612, 240, 893, 1106, 611, 753, 888, 824, 972, 101, 869, 538, 560, 991, 1065, 837, 1121, 455, 31, 1097, 511, 548, 284, 329, 610, 1114, 453, 861, 800, 783, 906, 1147, 37, 164, 1131, 123, 131, 420, 512, 533, 748, 862, 1144, 165, 278, 559, 1056, 1095, 1188, 44, 300, 366, 562, 586, 685, 928, 1130, 804, 474, 666, 812, 786, 920, 142, 182, 738, 356, 670, 121, 388, 770, 829, 809, 232, 335, 1103, 733, 1127, 923, 126, 597, 672, 875, 1186, 729, 868, 787, 1002, 1163, 112, 180, 644, 847, 33, 137, 138, 571, 720, 399, 483, 150, 834, 966, 542, 638, 35, 227, 668, 299, 1141, 629, 764, 910, 1096, 627, 1000, 252, 891, 98, 327, 110, 1122, 306, 997, 5, 364, 677, 115, 452, 506, 911, 285, 488, 781, 206, 340, 439, 1150, 295, 1099, 473, 1113, 70, 436, 728, 1135, 974, 149, 608, 697, 362, 1035, 144, 960, 268, 799, 273, 290, 387, 1019, 162, 16, 127, 100, 711, 1064, 953, 1198, 621, 958, 170, 281, 746, 642, 1154, 224, 389, 10, 128, 171, 196, 444, 654, 718, 881, 119, 192, 315, 601, 879, 317, 877, 999, 244, 503, 707, 375, 132, 392, 927, 404, 93, 248, 759, 944, 1158, 151, 535, 446, 303, 762, 9, 294, 491, 1016, 308, 417, 481, 815, 1100, 461, 808, 415, 961, 1092, 301, 552, 573, 489, 708, 1048, 207, 90, 872, 1167, 513, 1146, 727, 476, 405, 18, 1155, 166, 226, 1119, 935, 277, 880, 492, 561, 924, 193, 524, 584, 1057, 13, 59, 254, 758, 1053, 986, 1008, 155, 699, 915, 1189, 134, 355, 693, 1191, 234, 480, 494, 116, 339, 1091, 257, 1036, 1171, 154, 1153, 194, 307, 840, 1111, 125, 173, 7, 716, 495, 1070, 744, 1072, 1021, 267, 936, 774, 230, 528, 602, 1014, 365, 996, 841, 1159, 184, 328, 1173, 109, 1102, 86, 246, 814, 671, 782, 971, 767, 396, 1109, 636, 664, 752, 1075, 411, 900, 397, 179, 519, 77, 237, 431, 181, 662, 979, 427, 249, 333, 438, 946, 160, 763, 778, 940, 421, 428, 1123, 724, 675, 310, 448, 228, 1200, 918, 85, 217, 159, 527, 765, 378, 706, 1062, 394, 534, 696, 510, 191, 400, 435, 553, 825, 520, 22, 550, 933, 1090, 929, 1015, 402, 956, 499, 531, 1192, 385, 440, 901, 1080, 1179, 434, 754, 449, 651, 655, 1205, 43, 332, 1047, 1060, 250, 565, 939, 984, 532, 613, 739, 265, 289, 1088, 555, 903, 575, 231, 245, 587, 978, 1115, 91, 566, 681, 1067, 62, 291, 522, 530, 937, 4, 368, 51, 898, 1074, 1204, 823, 40, 156, 363, 484, 26, 830, 1166, 1024, 376, 383, 963, 412, 813, 475, 790, 94, 258, 145, 351, 370, 1108, 430, 665, 580, 157, 176, 798, 887, 1201, 805, 1018, 1, 297, 843, 441, 776, 793, 153, 615, 894, 743, 757, 1038, 1078, 1136, 341, 810, 353, 422, 537, 321, 493, 549, 95, 516, 866, 141, 319, 558, 885, 105, 634, 1151, 1069, 1152, 819, 118, 715, 178, 241, 816, 147, 204, 982, 259, 768, 870, 968, 1142, 60, 750, 871, 286, 199, 79, 416, 175, 909, 650, 1073, 567, 769, 730, 74, 107, 988, 354, 280, 625, 1193, 1132, 63, 913, 117, 1003, 1017, 1039, 1063, 50, 261, 69, 311, 551, 883, 188, 195, 701, 146, 993, 970, 102, 973, 702, 785, 607, 482, 791, 1082, 1206, 279, 465, 751, 1023, 1040, 130, 352, 641, 53, 309, 922, 381, 749, 1046, 135, 775, 209, 163, 450, 500, 304, 1143, 1190, 803, 28, 845, 82, 407, 187, 619, 1184, 103, 502, 554, 864, 140, 348, 262, 895, 850, 136, 312, 648, 148, 274, 1010, 930, 1180, 838, 120, 826, 292, 593, 948, 1137, 546, 931, 1157, 656, 802, 526, 24, 678, 104, 761, 976, 658, 873, 382, 714, 236, 75, 712, 275, 239, 994, 1139, 61, 653, 916, 646, 962, 113, 1001, 242, 771, 705, 590, 87, 42, 557, 80, 833, 987, 460, 1161, 92, 15, 756, 497, 235, 305, 211, 509, 272, 795, 919, 631, 183, 325, 34, 1124, 457, 12, 643, 732, 255, 49, 878]"
How are salivary glycoproteins from CF patients different from those of normal subjects,"[689, 1087, 967, 161, 657, 632, 1120, 628, 1195, 216, 419, 849, 917, 11, 360, 366, 543, 616, 599, 379, 23, 642, 72, 264, 583, 1028, 540, 837, 57, 811, 957, 458, 108, 197, 1084, 89, 225, 975, 164, 893, 410, 541, 168, 466, 861, 606, 1071, 322, 470, 989, 525, 253, 220, 456, 563, 1027, 359, 521, 649, 124, 1153, 875, 1061, 865, 1007, 726, 326, 858, 908, 423, 985, 1052, 288, 1086, 731, 464, 357, 429, 45, 820, 349, 673, 1012, 358, 485, 185, 1187, 200, 652, 0, 741, 38, 1128, 571, 336, 882, 912, 1081, 1013, 1162, 418, 958, 633, 467, 335, 1094, 1085, 386, 1114, 598, 799, 729, 807, 138, 190, 834, 399, 88, 474, 669, 247, 899, 32, 1079, 189, 867, 44, 848, 708, 972, 172, 574, 914, 589, 800, 58, 287, 997, 165, 766, 902, 1197, 786, 350, 559, 101, 338, 318, 1043, 614, 273, 876, 111, 406, 692, 704, 1116, 1135, 252, 612, 1091, 533, 1103, 182, 413, 904, 548, 398, 433, 943, 852, 452, 890, 945, 1160, 471, 330, 888, 1199, 609, 856, 1101, 445, 836, 733, 46, 797, 221, 920, 345, 442, 444, 718, 133, 1058, 787, 17, 710, 827, 367, 1130, 764, 1194, 992, 392, 635, 340, 455, 473, 538, 507, 595, 991, 639, 483, 713, 293, 25, 126, 796, 539, 299, 818, 514, 608, 68, 851, 517, 779, 857, 1145, 462, 1131, 327, 152, 760, 137, 33, 347, 950, 454, 566, 722, 661, 719, 974, 369, 576, 114, 446, 453, 1188, 880, 238, 320, 66, 29, 556, 308, 960, 789, 977, 822, 938, 388, 55, 1022, 207, 1183, 1138, 809, 169, 925, 420, 1141, 683, 463, 505, 71, 953, 955, 106, 404, 1113, 243, 682, 1126, 10, 832, 128, 670, 794, 1057, 14, 206, 1009, 666, 869, 1134, 384, 720, 2, 439, 817, 1096, 1002, 1104, 1059, 999, 1037, 839, 906, 1050, 300, 90, 777, 202, 1030, 773, 334, 1167, 237, 240, 230, 232, 1029, 3, 569, 792, 984, 424, 626, 41, 143, 1189, 96, 1080, 346, 814, 1045, 205, 1168, 978, 842, 478, 721, 889, 996, 610, 151, 263, 1156, 700, 703, 603, 395, 1121, 909, 1129, 868, 744, 328, 716, 681, 693, 910, 586, 1173, 248, 841, 1155, 194, 770, 403, 891, 944, 431, 829, 911, 373, 560, 743, 748, 122, 924, 306, 278, 782, 135, 528, 874, 342, 1031, 1119, 1003, 1147, 1018, 1099, 801, 1175, 1100, 711, 812, 907, 980, 637, 934, 7, 1066, 542, 940, 159, 150, 331, 518, 709, 224, 218, 73, 618, 1204, 113, 376, 620, 265, 226, 750, 969, 362, 769, 173, 535, 568, 353, 887, 1208, 1040, 1169, 738, 1151, 1021, 16, 680, 831, 1177, 790, 847, 85, 753, 739, 1067, 427, 883, 260, 730, 959, 823, 1159, 1200, 134, 387, 18, 872, 933, 191, 337, 935, 129, 1051, 475, 193, 1008, 112, 1070, 209, 341, 477, 1196, 109, 284, 1082, 866, 918, 316, 343, 1032, 532, 877, 1186, 512, 740, 531, 846, 1140, 1078, 897, 245, 995, 294, 441, 675, 754, 526, 1154, 495, 1016, 640, 174, 825, 915, 684, 333, 149, 227, 405, 1158, 838, 415, 765, 1041, 1111, 515, 768, 698, 283, 581, 619, 22, 864, 1146, 389, 896, 321, 136, 552, 229, 5, 188, 267, 363, 952, 898, 758, 776, 153, 479, 660, 1179, 932, 437, 1004, 119, 204, 170, 668, 728, 942, 212, 309, 26, 1184, 332, 573, 116, 813, 378, 1164, 1182, 37, 110, 355, 434, 854, 644, 1127, 311, 1036, 656, 582, 492, 949, 1143, 921, 1192, 522, 763, 781, 491, 524, 361, 881, 1106, 317, 256, 759, 629, 259, 1149, 250, 440, 365, 734, 131, 1205, 1092, 488, 1015, 677, 428, 537, 1144, 91, 534, 1181, 963, 853, 35, 484, 1098, 324, 465, 496, 523, 961, 613, 702, 43, 290, 408, 409, 282, 705, 600, 480, 835, 979, 107, 1075, 498, 1001, 487, 724, 697, 160, 970, 1157, 246, 545, 323, 69, 400, 593, 1055, 1088, 148, 674, 1112, 435, 438, 650, 971, 558, 289, 100, 597, 688, 1024, 1056, 219, 879, 901, 757, 1093, 459, 982, 1185, 601, 280, 59, 685, 630, 117, 184, 125, 199, 213, 351, 499, 561, 86, 870, 258, 407, 1063, 469, 97, 707, 900, 93, 142, 1017, 555, 665, 1006, 1132, 313, 203, 615, 417, 1089, 1118, 636, 1095, 201, 1010, 303, 659, 926, 803, 92, 712, 895, 494, 546, 968, 1047, 269, 52, 279, 302, 368, 1076, 271, 791, 500, 296, 727, 422, 511, 503, 104, 396, 1065, 1178, 596, 762, 1148, 171, 994, 1171, 481, 1044, 9, 516, 605, 859, 20, 1083, 986, 141, 954, 551, 385, 281, 1122, 383, 268, 798, 432, 821, 120, 146, 747, 39, 604, 416, 192, 547, 863, 948, 885, 1011, 871, 1074, 6, 819, 94, 715, 678, 664, 845, 565, 1005, 1202, 82, 210, 145, 667, 663, 15, 676, 1023, 951, 1206, 651, 461, 175, 242, 1073, 448, 292, 502, 785, 430, 1105, 672, 118, 352, 937, 905, 916, 641, 179, 607, 723, 4, 520, 394, 784, 588, 390, 1174, 737, 793, 28, 121, 695, 1110, 163, 833, 701, 60, 690, 1115, 239, 686, 570, 1166, 506, 421, 13, 749, 102, 993, 1150, 234, 1193, 1039, 1014, 297, 176, 519, 53, 930, 411, 472, 903, 144, 99, 1137, 305, 1048, 275, 894, 34, 42, 631, 211, 553, 325, 931, 824, 922, 217, 577, 397, 187, 873, 572, 51, 196, 1190, 460, 50, 1124, 988, 795, 998, 315, 775, 87, 1139, 49, 653]"
What is the lipid composition of CF respiratory secretions,"[1055, 189, 839, 1085, 322, 141, 72, 657, 1130, 466, 428, 867, 769, 349, 96, 820, 429, 1037, 2, 385, 485, 1056, 169, 632, 704, 229, 419, 628, 66, 1188, 827, 1084, 266, 288, 770, 17, 514, 914, 857, 652, 951, 1187, 950, 606, 1120, 683, 137, 719, 360, 612, 710, 44, 717, 150, 334, 854, 68, 1081, 413, 398, 938, 172, 725, 642, 868, 108, 410, 907, 216, 468, 542, 270, 302, 454, 71, 673, 559, 238, 138, 846, 858, 1097, 23, 595, 1022, 1134, 692, 1061, 1202, 1087, 1183, 299, 326, 616, 760, 452, 661, 1051, 879, 192, 471, 507, 318, 1079, 273, 197, 1112, 620, 726, 1031, 689, 1122, 512, 525, 949, 129, 1093, 972, 832, 893, 11, 1173, 166, 379, 766, 576, 876, 700, 797, 779, 583, 849, 18, 181, 836, 470, 388, 598, 543, 608, 1140, 128, 127, 161, 145, 143, 185, 562, 752, 822, 787, 285, 464, 621, 945, 1101, 853, 77, 731, 347, 404, 424, 741, 1000, 225, 589, 1176, 1003, 649, 1029, 453, 957, 980, 917, 350, 1156, 691, 985, 232, 418, 1163, 896, 817, 670, 320, 1076, 359, 1196, 331, 1129, 1199, 446, 433, 163, 851, 908, 984, 992, 1052, 1131, 875, 582, 545, 190, 174, 233, 601, 635, 783, 569, 1138, 293, 660, 989, 1195, 609, 478, 1027, 967, 200, 222, 227, 458, 1086, 364, 97, 256, 14, 340, 574, 902, 977, 1013, 62, 863, 874, 928, 1032, 1040, 45, 738, 1114, 152, 480, 467, 403, 483, 114, 0, 718, 218, 1197, 1128, 442, 818, 1, 1127, 1153, 505, 540, 111, 249, 343, 865, 1012, 384, 1019, 366, 123, 1066, 639, 303, 106, 792, 740, 713, 638, 786, 1030, 240, 168, 298, 203, 1104, 729, 610, 711, 1071, 800, 869, 1167, 934, 210, 799, 852, 925, 613, 317, 287, 1179, 921, 89, 456, 782, 246, 763, 162, 252, 563, 747, 991, 124, 508, 1126, 1110, 463, 405, 558, 890, 1116, 961, 899, 901, 358, 25, 207, 686, 16, 338, 274, 599, 829, 831, 1106, 842, 733, 807, 995, 856, 918, 416, 1050, 1058, 165, 575, 748, 688, 753, 109, 371, 548, 830, 156, 234, 378, 684, 35, 516, 773, 581, 315, 392, 494, 944, 815, 265, 101, 356, 699, 539, 1094, 834, 58, 46, 330, 1158, 267, 835, 841, 556, 861, 968, 492, 1092, 722, 941, 278, 90, 396, 685, 889, 248, 898, 154, 536, 571, 912, 498, 597, 271, 289, 659, 573, 757, 883, 1064, 1060, 206, 1169, 560, 260, 537, 547, 1159, 1095, 930, 804, 284, 910, 448, 324, 528, 909, 346, 672, 1091, 637, 107, 188, 513, 936, 1117, 1135, 1069, 277, 591, 627, 997, 241, 758, 5, 551, 682, 553, 819, 1166, 257, 776, 3, 362, 743, 196, 887, 969, 958, 1088, 135, 1105, 1177, 531, 1072, 650, 363, 668, 53, 110, 761, 503, 754, 808, 307, 806, 940, 420, 63, 611, 115, 990, 469, 1185, 296, 888, 39, 59, 376, 209, 640, 959, 681, 98, 587, 1151, 434, 167, 484, 933, 121, 427, 812, 962, 978, 1200, 939, 781, 1080, 716, 389, 535, 7, 802, 1083, 223, 230, 160, 1178, 147, 112, 662, 290, 534, 735, 643, 1039, 630, 43, 872, 999, 520, 825, 935, 149, 119, 653, 675, 810, 687, 1090, 37, 566, 328, 594, 527, 310, 375, 506, 261, 103, 217, 737, 244, 1192, 383, 122, 963, 615, 677, 625, 1141, 391, 1124, 1174, 749, 93, 915, 705, 511, 361, 187, 502, 602, 236, 314, 1115, 678, 697, 1063, 179, 417, 65, 1152, 86, 113, 634, 92, 655, 1014, 795, 76, 578, 988, 95, 443, 1136, 1149, 1008, 567, 555, 850, 441, 28, 1161, 826, 976, 489, 176, 676, 714]"
Is CF mucus abnormal,"[852, 266, 985, 189, 467, 635, 1037, 1013, 1087, 657, 197, 185, 632, 938, 238, 1050, 652, 429, 673, 137, 200, 419, 424, 1120, 875, 719, 398, 44, 240, 950, 11, 627, 418, 1175, 96, 478, 977, 1030, 616, 1027, 890, 955, 71, 908, 403, 169, 293, 609, 205, 797, 1134, 1197, 360, 413, 586, 1198, 445, 442, 17, 38, 841, 123, 834, 68, 904, 1081, 517, 991, 33, 920, 967, 347, 32, 726, 1009, 1131, 507, 827, 787, 1119, 1029, 471, 58, 725, 6, 692, 626, 820, 989, 330, 273, 851, 1071, 288, 569, 133, 861, 876, 753, 501, 559, 161, 364, 55, 683, 831, 614, 722, 637, 786, 703, 1187, 912, 779, 571, 1162, 899, 972, 1169, 1199, 485, 832, 1195, 295, 595, 132, 889, 1101, 1135, 574, 218, 1019, 190, 1177, 539, 799, 857, 66, 583, 143, 560, 46, 704, 139, 1126, 366, 957, 997, 862, 358, 346, 350, 1022, 90, 689, 992, 563, 420, 1113, 1058, 853, 126, 1153, 782, 1160, 336, 1116, 733, 713, 1128, 1155, 194, 606, 308, 27, 1156, 349, 528, 592, 152, 1130, 925, 1045, 568, 1188, 896, 1012, 914, 101, 1183, 1052, 479, 801, 910, 748, 344, 25, 576, 326, 224, 818, 359, 622, 822, 1167, 1025, 1093, 907, 451, 764, 29, 711, 718, 829, 52, 8, 39, 206, 453, 937, 721, 150, 981, 1204, 1079, 167, 466, 362, 610, 932, 1185, 219, 243, 1129, 1194, 289, 504, 587, 409, 508, 159, 629, 232, 639, 265, 278, 125, 109, 935, 1145, 790, 783, 693, 954, 550, 119, 582, 688, 893, 1182, 389, 115, 825, 439, 1074, 1173, 1004, 600, 770, 1144, 810, 941, 951, 923, 684, 518, 618, 659, 1051, 532, 496, 865, 584, 122, 83, 819, 16, 391, 1201, 461, 73, 333, 1010, 174, 20, 26, 337, 872, 494, 1178, 1041, 1062, 434, 630, 463, 321, 934, 1202, 4, 613, 1150, 597, 734, 1008, 553, 940, 854, 204, 660, 476, 324, 1085, 558, 999, 675, 885, 728, 322, 1166, 757, 1033, 221, 665, 438, 780, 971, 1200, 31, 959, 1023, 35, 229, 245, 100, 282, 678, 1141, 833, 13, 393, 1207, 1001, 305, 824, 211]"
What is the effect of water or other therapeutic agents on the physical properties viscosity elasticity of sputum or bronchial secretions from CF patients,"[558, 256, 270, 688, 659, 951, 632, 865, 197, 268, 298, 836, 213, 1168, 1053, 71, 310, 169, 485, 1085, 1138, 160, 867, 167, 747, 479, 938, 831, 754, 385, 741, 781, 288, 413, 851, 1202, 999, 589, 545, 1069, 955, 58, 1097, 116, 334, 1144, 1029, 673, 949, 1129, 59, 1003, 31, 429, 804, 216, 141, 163, 478, 488, 1061, 302, 23, 514, 639, 824, 1037, 462, 46, 1081, 1124, 98, 940, 602, 566, 466, 266, 438, 961, 1023, 375, 145, 892, 562, 1188, 455, 691, 881, 581, 284, 384, 1002, 505, 419, 1093, 842, 18, 1206, 556, 779, 1043, 618, 740, 977, 1059, 403, 896, 645, 752, 561, 1134, 784, 657, 143, 394, 180, 797, 318, 635, 985, 1158, 14, 611, 424, 328, 621, 45, 537, 661, 355, 1, 326, 757, 612, 969, 89, 271, 301, 20, 547, 161, 569, 957, 672, 995, 125, 1099, 51, 498, 1013, 956, 489, 923, 888, 303, 546, 330, 373, 595, 931, 96, 119, 1104, 352, 1193, 697, 934, 548, 677, 803, 513, 979, 436, 1086, 943, 1183, 828, 628, 387, 395, 44, 133, 1105, 650, 827, 279, 527, 812, 1032, 108, 263, 1186, 710, 491, 522, 88, 521, 337, 475, 573, 584, 671, 753, 734, 903, 1015, 1117, 649, 354, 692, 1052, 599, 805, 941, 992, 654, 606, 233, 717, 134, 7, 766, 807, 520, 189, 1063, 1075, 433, 689, 932, 205, 770, 946, 1080, 250, 898, 494, 820, 535, 879, 16, 52, 1145, 121, 686, 0, 499, 506, 114, 1182, 57, 1083, 273, 512, 853, 598, 1055, 324, 760, 164, 1136, 868, 67, 357, 1095, 1127, 2, 118, 258, 1180, 1132, 626, 959, 565, 852, 1091, 664, 281, 421, 633, 1031, 66, 68, 536, 863, 406, 155, 222, 314, 390, 904, 150, 72, 157, 644, 773, 914, 100, 220, 583, 1114, 882, 221, 607, 921, 549, 1028, 350, 1090, 1120, 11, 684, 37, 1173, 410, 974, 246, 917, 43, 203, 170, 1047, 1171, 322, 625, 825, 33, 793, 963, 229, 405, 402, 693, 1159, 94, 543, 700, 1078, 652, 870, 600, 122, 576, 746, 1084, 236, 185, 187, 716, 392, 900, 207, 128, 719, 738, 1041, 731, 360, 789, 552, 524, 682, 316, 138, 893, 663, 759, 440, 630, 192, 265, 311, 356, 481, 525, 1187, 495, 269, 849, 890, 463, 722, 1001, 1115, 278, 619, 541, 1056, 3, 142, 156, 196, 703, 901, 909, 287, 854, 980, 1106, 1128, 1178, 299, 1012, 137, 1064, 798, 1164, 640, 1198, 190, 254, 627, 1000, 843, 1030, 73, 290, 582, 609, 950, 968, 1033, 808, 32, 97, 238, 848, 1040, 1191, 468, 907, 764, 351, 515, 1174, 613, 918, 935, 1110, 49, 810, 615, 1200, 35, 507, 446, 276, 503, 928, 53, 620, 762, 1100, 708, 1070, 370, 695, 701, 224, 434, 725, 1121, 835, 858, 971, 1060, 218, 761, 991, 1199, 42, 465, 374, 763, 786, 925, 982, 1089, 809, 240, 656, 261, 353, 616, 834, 168, 172, 93, 856, 1207, 704, 847, 331, 470, 217, 409, 1074, 371, 101, 958, 225, 347, 423, 655, 756, 184, 586, 669, 1140, 1197, 476, 1113, 227, 690, 245, 936, 508, 796, 1135, 1185, 1194, 283, 769, 264, 861, 662, 349, 1169, 209, 123, 500, 312, 1111, 99, 359, 418, 819, 1179, 55, 502, 743, 874, 115, 173, 321, 846, 709, 1087, 1161, 668, 960, 1126, 194, 496, 976, 889, 346, 176, 304, 368, 380, 404, 458, 585, 1118, 358, 973, 86, 538, 822, 1038, 1101, 492, 131, 608, 895, 1035, 300, 1007, 1146, 726, 778, 50, 930, 444, 996, 5, 596, 782, 1103, 282, 568, 749, 1107, 555, 294, 1024, 267, 832, 1162, 39, 230, 343, 1057, 678, 948, 105, 285, 388, 517, 1036, 908, 989, 765, 920, 1058, 1112, 1195, 431, 718, 289, 905, 40, 540, 106, 178, 862, 244, 833, 875, 365, 792, 724, 837, 1141, 1155, 594, 774, 869, 226, 467, 551, 90, 223, 464, 699, 1130, 204, 210, 1009, 113, 237, 366, 933, 1071, 248, 993, 597, 735, 327, 386, 866, 891, 1177, 199, 342, 646, 1010, 398, 340, 1109, 972, 1203, 829, 587, 127, 567, 780, 817, 840, 1156, 165, 800, 978, 702, 922, 191, 1027, 1147, 84, 132, 706, 1067, 670, 144, 575, 988, 162, 994, 296, 713, 787, 952, 15, 651, 516, 534, 811, 953, 1092, 715, 539, 641, 790, 1153, 728, 188, 510, 636, 135, 159, 452, 1039, 795, 28, 120, 319, 1072, 277, 484, 634, 915, 729, 241, 1102, 262, 887, 1208, 80, 339, 707, 580, 292, 967, 70, 1018, 777, 927, 333, 705, 181, 578, 681, 1088, 1005, 417, 448, 542, 315, 1122, 112, 493, 966, 1062, 912, 79, 1020, 109, 601, 660, 232, 428, 383, 553, 685, 200, 307, 1098, 883, 841, 369, 211, 469, 257, 570, 648, 924, 1175, 490, 783, 453, 751, 519, 21, 13, 629, 451, 694, 873, 1131, 665, 305, 345, 252, 441, 720, 962, 338, 320, 415, 146, 850, 970, 775, 412, 47, 876, 95, 676, 445, 698, 427, 642, 733, 381, 785, 17, 1014, 758, 1154, 149, 1167, 103, 1157, 422, 511, 653, 791, 60, 286, 1045, 945, 1192, 910, 473, 544, 1004, 12, 563, 472, 30, 482, 10, 234, 631, 614, 1190, 148, 306, 378, 1054, 984, 504, 25, 75, 259, 202, 911, 139, 251, 1006, 1116, 1139, 272, 533, 730, 336, 530, 329, 442, 528, 605, 885, 1133, 745, 821, 293, 1065, 4, 376, 483, 802, 1108, 411, 554, 771, 435, 1050, 291, 63, 471, 559, 579, 242, 193, 1073, 166, 990, 1119, 397, 1149, 986, 859, 1172, 212, 1048, 1008, 82, 111, 872, 430, 913, 117, 712, 372, 593, 1148, 110, 396, 8, 348, 48, 772, 74, 878, 461, 126, 902, 916, 1201, 1019, 560, 550, 987, 860, 274, 826, 24, 509, 894, 87, 497, 658, 714, 637, 450, 457, 572, 1066, 592, 177, 54, 919]"
Are mucus glycoproteins degraded differently in CF patients as compared to those from normal subjects,"[632, 689, 657, 1120, 11, 185, 673, 1087, 985, 485, 419, 197, 893, 865, 189, 999, 1195, 726, 161, 1013, 652, 322, 429, 1071, 200, 386, 379, 733, 1085, 967, 71, 722, 38, 366, 616, 639, 360, 72, 720, 599, 975, 220, 253, 169, 108, 642, 164, 633, 1091, 410, 264, 837, 1145, 357, 904, 1094, 820, 525, 392, 882, 989, 424, 912, 168, 45, 458, 466, 848, 32, 89, 1028, 96, 326, 124, 442, 1086, 216, 849, 1027, 359, 852, 463, 574, 238, 583, 266, 807, 958, 541, 890, 635, 875, 1162, 1009, 899, 628, 563, 661, 1079, 57, 811, 1187, 221, 418, 467, 955, 896, 330, 58, 796, 1114, 521, 880, 358, 1007, 704, 1101, 288, 906, 626, 1052, 517, 908, 88, 861, 182, 1128, 55, 1037, 17, 708, 1061, 1050, 649, 471, 247, 992, 106, 753, 165, 669, 423, 338, 347, 831, 1080, 23, 729, 836, 595, 1043, 350, 1116, 609, 398, 917, 1135, 834, 571, 479, 1134, 566, 399, 456, 543, 44, 822, 818, 876, 439, 731, 945, 384, 618, 606, 474, 760, 559, 1058, 827, 938, 172, 452, 718, 851, 1022, 710, 779, 920, 190, 1175, 725, 540, 856, 533, 858, 960, 972, 1000, 1169, 539, 716, 1012, 73, 349, 367, 797, 683, 957, 612, 867, 320, 455, 997, 433, 598, 568, 902, 225, 800, 703, 817, 1029, 786, 226, 659, 974, 660, 1189, 295, 462, 799, 1084, 764, 944, 293, 507, 1057, 287, 692, 787, 1194, 413, 1130, 150, 230, 126, 111, 336, 1153, 857, 1183, 273, 300, 335, 792, 789, 991, 576, 741, 666, 327, 218, 1199, 1113, 232, 453, 569, 445, 682, 766, 943, 582, 959, 101, 240, 318, 981, 983, 66, 777, 688, 1138, 152, 470, 740, 614, 932, 1030, 420, 1081, 133, 1104, 431, 25, 1197, 395, 773, 340, 1121, 345, 776, 464, 914, 1141, 404, 446, 698, 928, 0, 603, 996, 1059, 515, 538, 1045, 114, 444, 709, 406, 1002, 477, 1126, 743, 809, 403, 608, 18, 299, 33, 794, 977, 770, 1160, 925, 1131, 545, 505, 548, 869, 337, 207, 2, 750, 112, 128, 514, 934, 969, 1103, 1129, 924, 1018, 243, 670, 888, 1025, 1100, 531, 1204, 874, 122, 1173, 887, 237, 334, 468, 16, 29, 388, 206, 167, 693, 738, 138, 739, 512, 3, 790, 1140, 1066, 1177, 1188, 41, 90, 68, 620, 923, 1067, 1186, 46, 427, 813, 222, 728, 1111, 730, 854, 953, 995, 556, 1208, 260, 610, 1158, 713, 159, 387, 14, 1093, 10, 265, 1167, 132, 842, 627, 324, 342, 5, 684, 719, 369, 891, 589, 191, 143, 202, 110, 941, 1127, 353, 498, 700, 409, 149, 613, 278, 560, 7, 1008, 263, 847, 1072, 205, 640, 256, 665, 668, 823, 1155, 681, 6, 170, 1119, 528, 950, 85, 508, 151, 331, 373, 877, 1185, 910, 92, 39, 174, 1031, 487, 680, 321, 1099, 765, 1051, 1151, 829, 898, 26, 1016, 109, 768, 76, 173, 907, 134, 846, 951, 245, 52, 511, 587, 754, 864, 971, 526, 1179, 949, 194, 838, 637, 1147, 1156, 365, 204, 534, 697, 20, 317, 1202, 573, 199, 1205, 129, 522, 1196, 160, 209, 866, 828, 532, 677, 759, 1021, 1041, 93, 495, 1082, 622, 644, 952, 1200, 289, 213, 744, 22, 119, 675, 892, 91, 115, 915, 933, 153, 259, 281, 484, 597, 1088, 1154, 1026, 31, 116, 724, 897, 935, 283, 193, 970, 1106, 1182, 769, 774, 911, 1178, 310, 1036, 1184, 415, 309, 328, 1143, 547, 363, 488, 825, 271, 1146, 355, 812, 650, 758, 1181, 100, 459, 1171, 203, 979, 1083, 734, 35, 250, 1078, 1095, 316, 83, 43, 562, 900, 1070, 1004, 248, 757, 600, 921, 535, 940, 881, 1089, 227, 963, 59, 555, 267, 870, 69, 332, 978, 491, 918, 961, 461, 808, 909, 763, 926, 679, 480, 524, 229, 333, 496, 212, 284, 601, 294, 593, 537, 125, 1176, 105, 1150, 361, 475, 1023, 368, 575, 672, 1092, 968, 184, 1062, 307, 341, 1105, 1149, 296, 1032, 1098, 136, 86, 286, 1033, 400, 1136, 142, 343, 685, 428, 581, 121, 885, 434, 630, 154, 219, 551, 282, 500, 437, 747, 1015, 1164, 118, 311, 261, 552, 1065, 982, 13, 629, 798, 1024, 530, 1006, 513, 705, 1047, 131, 879, 927, 1073, 565, 615, 942, 465, 1038, 432, 450, 82, 277, 623, 558, 791, 641, 656, 417, 546, 146, 674, 376, 712, 1040, 135, 964, 378, 1064, 619, 824, 440, 1044, 1157, 1001, 527, 1112, 1017, 1014, 148, 201, 1011, 268, 104, 258, 499, 144, 438, 1076, 883, 1055, 290, 117, 1159, 803, 390, 494, 436, 780, 901, 385, 1005, 727, 1010, 422, 107, 279, 821, 99, 503, 621, 819, 859, 676, 636, 506, 655, 520, 67, 188, 394, 1122, 604, 1152, 536, 737, 303, 407, 1148, 986, 894, 1166, 489, 916, 523, 53, 9, 94, 994, 605, 749, 441, 762, 141, 806, 1190, 1206, 664, 28, 588, 1137, 1039, 493, 179, 280, 707, 113, 701, 502, 570, 416, 275, 102, 120, 667, 163, 1003, 625, 175, 845, 793, 297, 430, 145, 1063, 785, 382, 833, 421, 448, 15, 176, 210, 553, 187, 157, 1207, 873, 196, 884, 305, 217, 988, 714, 690, 87, 850, 775, 211, 34, 577, 236, 795, 998]"
What histochemical differences have been described between normal and CF respiratory epithelia,"[673, 633, 17, 657, 917, 563, 612, 972, 1061, 1084, 108, 220, 466, 404, 165, 1027, 326, 726, 1195, 606, 882, 599, 975, 820, 1052, 1029, 729, 347, 14, 1187, 349, 1128, 379, 533, 652, 731, 849, 583, 614, 704, 1007, 68, 908, 357, 807, 710, 89, 1188, 57, 360, 967, 189, 264, 649, 811, 185, 1013, 689, 32, 541, 875, 358, 467, 216, 452, 114, 164, 207, 848, 266, 787, 471, 692, 340, 161, 23, 38, 1086, 642, 521, 950, 960, 320, 766, 876, 628, 1173, 1057, 1162, 406, 507, 1071, 989, 1012, 168, 559, 197, 455, 525, 335, 839, 456, 247, 867, 598, 797, 912, 336, 445, 943, 769, 1094, 1103, 540, 88, 837, 388, 172, 58, 893, 669, 887, 366, 722, 543, 856, 896, 419, 327, 143, 126, 834, 608, 454, 1199, 458, 474, 322, 539, 1194, 429, 442, 626, 200, 858, 424, 359, 273, 1101, 1134, 666, 330, 384, 953, 779, 1050, 1079, 1153, 225, 861, 957, 338, 182, 632, 857, 1131, 464, 470, 992, 1135, 955, 1160, 836, 1120, 124, 468, 1028, 846, 350, 738, 111, 128, 150, 287, 1043, 589, 331, 1116, 719, 45, 595, 902, 290, 410, 318, 398, 958, 517, 616, 574, 137, 1081, 1022, 1114, 353, 300, 1189, 800, 72, 386, 473, 799, 345, 576, 288, 914, 1087, 169, 479, 852, 872, 11, 209, 44, 822, 635, 899, 997, 827, 462, 265, 66, 1179, 609, 582, 698, 0, 252, 346, 423, 446, 725, 818, 985, 683, 718, 907, 106, 597, 478, 1121, 133, 862, 786, 431, 760, 996, 1056, 85, 681, 796, 299, 334, 55, 453, 238, 227, 977, 226, 403, 1156, 832, 880, 889, 413, 764, 817, 682, 1196, 901, 904, 790, 337, 1085, 420, 869, 152, 945, 485, 866, 1017, 190, 709, 809, 96, 548, 1130, 981, 378, 2, 26, 399, 364, 716, 538, 661, 881, 528, 831, 829, 1082, 1119, 1037, 1151, 71, 83, 691, 754, 741, 20, 1000, 122, 166, 601, 90, 569, 240, 763, 101, 260, 938, 1067, 293, 1145, 363, 571, 444, 7, 127, 1138, 924, 1163, 308, 995, 1204, 369, 639, 991, 174, 888, 789, 865, 891, 109, 733, 823, 1104, 387, 514, 1140, 1200, 258, 1036, 483, 713, 33, 138, 270, 1019, 1141, 1169, 253, 842, 740, 302, 868, 25, 218, 1030, 863, 1197, 743, 792, 389, 773, 890, 568, 932, 27, 205, 708, 1026, 758, 204, 610, 433, 925, 838, 1058, 5, 730, 100, 680, 969, 897, 978, 1202, 222, 515, 1088, 933, 22, 1097, 342, 73, 278, 10, 879, 263, 329, 556, 1032, 475, 776, 41, 116, 854, 465, 1193, 678, 484, 825, 1008, 717, 1055, 1126, 770, 587, 841, 1146, 874, 16, 959, 1176, 620, 1183, 1129, 560, 202, 980, 711, 230, 693, 1155, 206, 1080, 1106, 256, 966, 974, 660, 1208, 851, 968, 675, 1167, 618, 944, 768, 777, 847, 427, 1031, 232, 877, 1100, 1111, 113, 447, 535, 534, 516, 611, 333, 910, 141, 328, 656, 373, 173, 566, 1186, 362, 498, 935, 952, 984, 112, 551, 332, 392, 1004, 495, 97, 801, 622, 674, 949, 1070, 1122, 317, 562, 915, 193, 531, 233, 700, 435, 739, 129, 1205, 134, 728, 720, 274, 575, 735, 250, 629, 961, 237, 979, 1166, 1175, 213, 627, 1095, 376, 737, 558, 361, 487, 748, 62, 246, 365, 526, 219, 184, 750, 637, 221, 119, 285, 298, 600, 684, 522, 1021, 1051, 697, 721, 476, 309, 321, 552, 234, 136, 918, 782, 942, 772, 555, 727, 1010, 1157, 139, 463, 963, 585, 415, 524, 147, 798, 1127, 824, 203, 245, 316, 803, 1040, 107, 990, 1016, 494, 77, 1001, 341, 1076, 1177, 503, 921, 1092, 192, 212, 277, 155, 271, 685, 1142, 170, 283, 496, 736, 355, 815, 437, 596, 734, 802, 248, 909, 1164, 37, 40, 305, 659, 422, 241, 1046, 590, 1158, 181, 492, 294, 371, 1015, 31, 148, 500, 276, 292, 110, 665, 405, 9, 892, 699, 223, 303, 546, 752, 1091, 821, 864, 812, 284, 394, 511, 664, 835, 312, 428, 1143, 131, 296, 103, 441, 311, 732, 813, 43, 280, 440, 315, 39, 1144, 870, 853, 1132, 400, 1078, 409, 489, 545, 438, 1064, 926, 210, 934, 994, 239, 180, 508, 859, 117, 1053, 368, 488, 1201, 513, 810, 640, 30, 643, 412, 93, 153, 1110, 1109, 668, 982, 690, 757, 146, 1154, 120, 630, 602, 1108, 962, 951, 1137, 385, 69, 282, 416, 135, 242, 187, 638, 937, 791, 607, 830, 1115, 1023, 94, 74, 118, 449, 1159, 42, 171, 115, 1044, 687, 873, 621, 1020, 61, 523, 228, 397, 448, 780, 686, 145, 50, 1063, 381, 655, 695, 793, 936, 970, 98, 549, 1089, 1184, 461, 480, 605, 826, 160, 707, 356, 391, 753, 319, 591, 971, 1181, 351, 104, 178, 1117, 244, 3, 723, 547, 783, 92, 156, 762, 163, 1206, 323, 619, 845, 712, 715, 905, 140, 196, 747, 806, 1041, 65, 634, 833, 662, 688, 491, 570, 778, 1, 402, 519, 179, 231, 767, 188, 469, 676, 1074, 553, 6, 1069, 236, 871, 1112, 884, 1139, 1170, 430, 1171, 34, 307, 927, 67, 1014, 1060, 565, 1125, 257, 536, 530, 1003, 850, 805, 579, 490, 537, 677, 249, 502, 352, 922, 756, 860, 1149, 301, 883, 976, 641, 99, 460, 749, 939, 1124, 4, 1048, 648, 895, 993, 13, 1148, 377, 51, 653, 567, 235, 297, 75, 1152, 217, 506, 390, 1178, 211, 903, 393, 714, 1107, 788, 493, 701, 21, 436, 916, 919, 1190, 1090, 49, 572, 1073, 631, 1042, 157, 742, 272, 775, 855, 795, 56, 130, 12, 183]"
What is the association between liver disease cirrhosis and vitamin A metabolism in CF,"[1058, 402, 1050, 359, 369, 119, 670, 99, 574, 1065, 1126, 1116, 1027, 899, 121, 683, 445, 991, 1175, 1131, 373, 154, 330, 200, 234, 471, 778, 350, 338, 1080, 950, 484, 538, 143, 1120, 1096, 889, 616, 1128, 1183, 912, 620, 1030, 626, 827, 868, 876, 423, 1087, 1051, 635, 966, 1144, 398, 818, 906, 1048, 360, 406, 839, 429, 495, 816, 419, 238, 1145, 641, 395, 454, 797, 704, 1019, 1130, 230, 273, 286, 976, 58, 576, 415, 2, 1121, 247, 1156, 826, 413, 1022, 384, 100, 345, 1007, 1115, 1155, 386, 206, 491, 799, 329, 128, 957, 829, 101, 1052, 106, 391, 473, 560, 403, 773, 767, 849, 525, 351, 1143, 358, 807, 430, 891, 1179, 531, 993, 764, 820, 981, 1199, 716, 318, 605, 161, 442, 749, 967, 507, 682, 164, 468, 832, 68, 515, 1195, 722, 1160, 867, 289, 530, 470, 917, 606, 410, 366, 1061, 25, 1187, 540, 661, 731, 17, 44, 595, 114, 240, 241, 1029, 494, 543, 110, 1127, 938, 719, 379, 253, 1071, 652, 14, 612, 133, 317, 336, 583, 955, 673, 596, 598, 925, 448, 796, 599, 608, 702, 908, 774, 456, 57, 533, 782, 983, 800, 220, 985, 836, 819, 989, 388, 726, 852, 1059, 179, 752, 264, 1186, 1079, 431, 1037, 1084, 11, 1043, 1081, 155, 748, 320, 225, 692, 316, 151, 741, 50, 420, 569, 687, 718, 124, 205, 1086, 111, 232, 609, 1000, 207, 856, 882, 890, 41, 492, 597, 869, 1110, 427, 614, 632, 89, 517, 346, 1094, 1162, 190, 1168, 405, 848, 887, 40, 287, 474, 453, 284, 1070, 1028, 367, 1114, 539, 901, 636, 902, 637, 953, 266, 466, 697, 986, 541, 792, 1093, 1146, 306, 640, 269, 364, 835, 842, 1147, 342, 231, 812, 93, 172, 1138, 563, 649, 409, 675, 817, 182, 779, 305, 478, 811, 633, 691, 897, 219, 729, 1205, 43, 555, 1182, 37, 94, 424, 693, 865, 928, 1057, 217, 734, 1197, 96, 357, 880, 1118, 150, 1046, 601, 863, 997, 559, 1189, 463, 877, 299, 775, 742, 1158, 66, 197, 294, 1073, 699, 861, 1001, 218, 1012, 0, 175, 854, 185, 689, 828, 76, 166, 896, 88, 189, 875, 914, 511, 165, 176, 252, 38, 375, 441, 1105, 717, 628, 766, 32, 433, 688, 975, 372, 514, 858, 1074, 85, 701, 90, 260, 307, 188, 548, 476, 610, 233, 1009, 178, 571, 677, 72, 152, 267, 271, 684, 666, 192, 300, 943, 327, 705, 1067, 131, 169, 157, 228, 973, 1002, 837, 711, 654, 153, 193, 256, 903, 907, 250, 326, 669, 813, 937, 1036, 935, 91, 392, 1163, 74, 137, 496, 847, 203, 630, 770, 833, 857, 308, 586, 724, 786, 1202, 1149, 493, 558, 411, 1122, 1152, 1042, 7, 1133, 1153, 1033, 557, 746, 216, 334, 365, 1139, 1091, 910, 135, 362, 436, 184, 528, 1077, 457, 841, 347, 659, 850, 1207, 945, 183, 293, 349, 629, 270, 1064, 297, 657, 972, 123, 831, 960, 244, 383, 1088, 23, 467, 645, 739, 1097, 335, 1101, 1134, 9, 167, 763, 1140, 1103, 134, 613, 1123, 622, 580, 446, 302, 428, 834, 1176, 713, 16, 376, 404, 984, 1062, 760, 156, 174, 805, 333, 545, 948, 455, 1031, 992, 977, 399, 615, 18, 19, 159, 846, 204, 389, 513, 933, 720, 1151, 777, 853, 1190, 714, 930, 139, 685, 642, 1018, 208, 924, 980, 1054, 798, 822, 1104, 866, 1035, 479, 787, 1107, 390, 1135, 568, 60, 551, 776, 952, 82, 872, 814, 909, 499, 804, 516, 1013, 1167, 181, 795, 607, 634, 958, 1010, 740, 949, 13, 229, 843, 1100, 765, 825, 1204, 738, 1141, 567, 1099, 97, 537, 631, 650, 1017, 28, 990, 921, 20, 1025, 116, 105, 278, 895, 575, 618, 840, 870, 759, 913, 500, 1024, 550, 915, 163, 681, 1005, 1112, 762, 1159, 553, 1095, 503, 708, 125, 855, 1185, 590, 265, 477, 757, 209, 883, 728, 783, 337, 1169, 6, 48, 92, 322, 900, 258, 879, 951, 927, 534, 810, 963, 145, 698, 371, 1157, 107, 1129, 954, 24, 147, 353, 888, 627, 1060, 934, 552, 1206, 964, 296, 922, 262, 400, 753, 254, 387, 727, 291, 750, 290, 769, 1109, 69, 310, 226, 481, 941, 432, 651, 104, 283, 77, 251, 686, 86, 824, 1040, 1208, 4, 311, 578, 959, 171, 617, 780, 180, 450, 396, 3, 259, 95, 894, 781, 743, 285, 623, 509, 421, 1026, 884, 556, 715, 1085, 522, 482, 26, 838, 881, 53, 587, 942, 274, 341, 414, 465, 417, 113, 802, 236, 437, 332, 380, 352, 148, 1082, 982, 158, 12, 435, 806, 653, 39, 988, 1166, 118, 343, 227, 791, 328, 393, 275, 961, 1003, 968, 1047, 1008, 81, 536, 497, 1201, 1124, 638, 662, 1170, 363, 1161, 1180, 1203, 187, 898, 381, 998, 994, 1090, 939, 394, 87, 962, 255, 21, 1137, 706, 460, 272, 665, 591, 737, 735, 1069, 378, 1, 215]"
What is the role of Vitamin E in the therapy of patients with CF,"[330, 1126, 390, 373, 1116, 899, 515, 1097, 433, 976, 127, 71, 683, 525, 1183, 760, 574, 96, 1187, 531, 700, 334, 977, 1143, 820, 90, 856, 540, 839, 403, 222, 350, 66, 1012, 143, 792, 517, 70, 1129, 232, 1054, 1198, 583, 1000, 119, 980, 906, 589, 595, 722, 654, 513, 1081, 162, 1194, 818, 405, 152, 775, 1028, 200, 471, 827, 1195, 822, 1099, 1061, 764, 53, 576, 938, 318, 677, 632, 599, 1071, 307, 424, 189, 458, 890, 114, 1002, 168, 620, 394, 491, 545, 1197, 14, 673, 875, 876, 1104, 524, 747, 1135, 1079, 161, 796, 367, 670, 773, 44, 1013, 118, 488, 907, 828, 1120, 672, 326, 692, 786, 614, 359, 380, 836, 1059, 420, 797, 548, 781, 1087, 41, 985, 989, 285, 2, 418, 379, 661, 1138, 106, 349, 991, 279, 101, 808, 474, 914, 154, 521, 288, 689, 356, 238, 829, 347, 493, 967, 912, 1009, 386, 947, 310, 17, 384, 817, 857, 357, 718, 1022, 366, 725, 182, 23, 598, 710, 1123, 1106, 1162, 77, 287, 1058, 1060, 29, 649, 25, 340, 779, 72, 804, 304, 108, 436, 721, 1130, 715, 717, 1101, 111, 1158, 669, 370, 402, 704, 867, 352, 1037, 160, 216, 799, 225, 596, 1052, 628, 179, 278, 1094, 789, 957, 507, 339, 494, 731, 734, 1007, 362, 652, 360, 297, 547, 666, 190, 89, 794, 455, 46, 270, 812, 950, 726, 744, 592, 197, 874, 618, 931, 164, 713, 264, 185, 609, 1131, 293, 299, 466, 0, 550, 1153, 613, 783, 1031, 62, 1035, 842, 650, 719, 911, 57, 442, 612, 729, 301, 946, 569, 997, 640, 1206, 537, 968, 98, 940, 992, 841, 224, 137, 452, 388, 1160, 645, 925, 369, 446, 1047, 892, 898, 933, 138, 125, 252, 454, 807, 939, 133, 563, 758, 1105, 498, 858, 1050, 742, 945, 995, 1023, 648, 882, 398, 616, 165, 520, 1167, 228, 121, 223, 10, 413, 754, 904, 1174, 59, 281, 126, 206, 410, 429, 1118, 641, 213, 832, 928, 610, 671, 782, 65, 1142, 56, 477, 850, 561, 43, 963, 261, 503, 32, 346, 368, 467, 227, 1032, 1027, 268, 277, 103, 870, 646, 331, 1024, 1140, 565, 888, 267, 741, 555, 1080, 91, 202, 355, 681, 229, 419, 499, 5, 1185, 95, 886, 971, 990, 1088, 1072, 1092, 210, 35, 1203, 199, 917, 514, 431, 711, 936, 243, 79, 1146, 788, 250, 1176, 587, 738, 889, 1161, 806, 453, 885, 1066, 522, 834, 982, 311, 169, 1069, 539, 174, 970, 1128, 1136, 1084, 31, 257, 962, 571, 766, 97, 1010, 187, 180, 240, 478, 172, 58, 768, 1051, 716, 16, 745, 1171, 142, 852, 527, 657, 1076, 1156, 1199, 67, 880, 536, 1044, 1064, 203, 358, 949, 276, 694, 542, 155, 635, 578, 854, 1030, 191, 325, 516, 784, 263, 237, 280, 846, 1020, 774, 1179, 723, 1042, 124, 743, 1083, 1053, 1102, 105, 82, 18, 495, 776, 7, 167, 752, 1111, 37, 684, 171, 851, 1056, 215, 664, 317, 150, 510, 1154, 294, 286, 770, 748, 1144, 859, 468, 566, 1124, 810, 921, 324, 387, 12, 109, 869, 1016, 292, 909, 929, 381, 679, 1108, 601, 751, 231, 1095, 651, 249, 512, 759, 321, 594, 129, 434, 844, 1115, 201, 901, 486, 910, 658, 922, 730, 149, 552, 1074, 568, 141, 496, 637, 11, 508, 383, 337, 459, 1055, 1067, 927, 660, 417, 1068, 1122, 112, 668, 630, 1163, 560, 534, 1202, 699, 544, 762, 271, 475, 1018, 51, 13, 969, 675, 157, 438, 706, 625, 740, 605, 412, 926, 120, 1182, 793, 746, 1005, 528, 1207, 1, 567, 1180, 581, 1208, 1175, 1090, 479, 863, 986, 765, 30, 305, 1049, 50, 551, 449, 1003, 843, 951, 139, 1033, 131, 826, 845, 177, 798, 707, 727, 593, 728, 959, 83, 430, 877, 987, 99, 236, 422, 361, 176, 629, 529, 211, 712, 678, 181, 1139, 183]"
What is the difference between meconium ileus and meconium plug syndrome,"[418, 428, 329, 39, 63, 184, 319, 1020, 177, 569, 733, 79, 510, 348, 262, 414, 1112, 944, 519, 407, 490, 534, 539, 508, 302, 588, 972, 974, 1092, 421, 634, 709, 482, 1041, 570, 1057, 889, 656, 419, 609, 507, 234, 271, 590, 1075, 699, 724, 1045, 923, 1113, 194, 159, 501, 27, 744, 47, 1010, 451, 186, 344, 416, 369, 667, 604, 862, 802, 1119, 195, 732, 603, 1132, 50, 726, 467, 456, 259, 597, 553, 246, 740, 332, 1082, 852, 74, 1150, 633, 551, 979, 466, 1200, 681, 238, 1141, 263, 921, 116, 901, 32, 598, 684, 665, 225, 895, 912, 959, 1043, 1103, 711, 846, 639, 471, 758, 57, 290, 943, 247, 854, 530, 0, 417, 294, 536, 865, 973, 220, 251, 949, 731, 11, 543, 614, 882, 338, 287, 876, 315, 397, 481, 917, 676, 1149, 887, 1208, 422, 847, 845, 555, 108, 226, 469, 1202, 309, 14, 922, 17, 673, 685, 811, 122, 227, 1086, 961, 326, 179, 256, 387, 925, 503, 722, 114, 678, 549, 1188, 99, 1036, 1007, 599, 86, 1099, 760, 126, 55, 1186, 231, 969, 1128, 439, 849, 511, 669, 682, 400, 316, 305, 881, 915, 58, 358, 265, 173, 1196, 778, 429, 880, 284, 637, 40, 355, 793, 935, 698, 474, 739, 1032, 1187, 853, 833, 470, 975, 250, 521, 513, 88, 213, 1094, 820, 150, 764, 717, 1052, 627, 869, 1191, 379, 659, 333, 595, 292, 525, 797, 427, 176, 264, 462, 1156, 472, 233, 277, 730, 1008, 1033, 350, 193, 533, 767, 31, 174, 545, 353, 689, 286, 389, 261, 548, 1093, 657, 958, 997, 707, 165, 260, 1140, 393, 866, 1176, 463, 283, 993, 1061, 769, 111, 100, 442, 498, 112, 269, 517, 1189, 133, 206, 432, 583, 612, 368, 431, 867, 4, 719, 848, 209, 934, 1173, 85, 23, 169, 7, 1134, 786, 109, 716, 728, 966, 729, 335, 888, 992, 1194, 361, 715, 230, 1115, 877, 649, 759, 148, 185, 981, 647, 812, 1027, 704, 1085, 995, 601, 465, 660, 207, 401, 836, 273, 532, 89, 394, 1015, 994, 203, 178, 221, 557, 351, 606, 129, 783, 953, 270, 840, 1067, 1084, 1088, 933, 779, 1058, 104, 608, 1031, 1121, 1152, 464, 563, 435, 153, 378, 843, 1071, 571, 97, 631, 528, 1157, 1205, 683, 28, 796, 1169, 475, 856, 790, 851, 22, 343, 257, 245, 336, 349, 1111, 686, 509, 556, 196, 884, 1040, 138, 201, 424, 1163, 535, 791, 1162, 68, 210, 1127, 1012, 954, 1104, 720, 956, 955, 1106, 552, 746, 124, 1135, 909, 497, 182, 891, 327, 1013, 718, 311, 578, 115, 444, 804, 252, 945, 1136, 967, 352, 907, 52, 770, 705, 924, 328, 963, 516, 803, 558, 1017, 308, 388, 819, 479, 937, 128, 359, 782, 16, 680, 908, 200, 384, 151, 331, 538, 864, 1090, 160, 642, 625, 834, 1174, 374, 688, 850, 468, 1206, 187, 94, 1097, 1059, 3, 25, 107, 334, 696, 1034, 383, 960, 1114, 644, 858, 413, 986, 1151, 738, 837, 1161, 438, 855, 322, 406, 838, 567, 996, 149, 982, 455, 492, 540, 1091, 156, 205, 320, 723, 743, 143, 181, 1123, 1155, 827, 216, 708, 980, 415, 6, 110, 235, 531, 668, 136, 45, 734, 404, 1002, 1195, 1070, 1001, 1138, 306, 825, 929, 806, 218, 754, 1122, 651, 805, 747, 771, 841, 875, 430, 635, 1021, 38, 228, 859, 321, 918, 879, 1199, 727, 310, 823, 1037, 29, 1137, 376, 1019, 69, 324, 809, 96, 360, 839, 365, 188, 574, 237, 773, 938, 675, 1073, 10, 154, 72, 591, 645, 1139, 712, 930, 611, 268, 375, 113, 502, 752, 1184, 835, 1047, 813, 566, 1158, 941, 1160, 300, 893, 795, 1204, 171, 313, 1028, 777, 902, 792, 1005, 1120, 580, 589, 1079, 441, 289, 693, 399, 1016, 118, 757, 860, 446, 34, 1178, 948, 989, 1183, 506, 493, 1035, 152, 267, 883, 868, 1076, 120, 449, 356, 666, 905, 1003, 628, 546, 1110, 41, 926, 135, 1172, 957, 873, 623, 402, 756]"
What abnormalities of amino acid transport have been described in the small bowel of CF patients,"[1071, 413, 985, 875, 826, 599, 632, 525, 264, 1197, 977, 1058, 507, 827, 1183, 726, 44, 559, 574, 467, 1086, 950, 471, 45, 616, 445, 1120, 991, 360, 890, 569, 386, 673, 161, 1081, 652, 200, 1037, 683, 692, 876, 839, 796, 609, 719, 722, 704, 938, 820, 834, 152, 330, 398, 334, 446, 560, 218, 338, 347, 1013, 189, 786, 908, 852, 836, 403, 452, 657, 1079, 444, 787, 423, 4, 154, 810, 666, 811, 359, 1130, 366, 384, 123, 841, 66, 1012, 1097, 689, 882, 889, 23, 1131, 418, 807, 1061, 1050, 458, 797, 792, 464, 857, 899, 568, 576, 1087, 773, 288, 861, 1162, 849, 350, 2, 620, 996, 165, 1167, 914, 1198, 478, 1194, 1201, 238, 635, 197, 293, 583, 68, 133, 1007, 614, 266, 1156, 801, 240, 713, 1126, 548, 1116, 190, 610, 907, 340, 867, 205, 329, 953, 150, 731, 1195, 222, 369, 825, 856, 137, 957, 783, 829, 72, 628, 168, 1030, 669, 670, 108, 582, 1000, 717, 106, 661, 586, 832, 1084, 608, 273, 595, 138, 38, 194, 538, 1185, 1187, 980, 357, 143, 419, 58, 818, 96, 182, 420, 164, 172, 349, 454, 1155, 442, 589, 29, 89, 912, 868, 1105, 185, 729, 466, 563, 1160, 46, 326, 858, 71, 760, 462, 862, 649, 943, 700, 17, 1182, 1020, 779, 812, 1059, 571, 898, 25, 409, 814, 967, 139, 822, 891, 896, 893, 1134, 1009, 1138, 289, 910, 206, 364, 32, 287, 618, 790, 997, 1002, 718, 132, 286, 424, 640, 682, 1199, 1101, 433, 920, 1175, 90, 57, 727, 764, 1022, 453, 1114, 1119, 634, 992, 298, 1127, 101, 587, 1204, 473, 179, 500, 782, 799, 1019, 162, 358, 41, 306, 789, 925, 932, 1104, 406, 748, 960, 911, 111, 361, 874, 1095, 50, 259, 1128, 14, 512, 909, 975, 1115, 1135, 470, 703, 1129, 541, 744, 1008, 1052, 1062, 70, 388, 974, 933, 52, 448, 759, 1088, 613, 711, 511, 232, 495, 654, 429, 734, 972, 794, 16, 770, 327, 295, 736, 346, 1057, 1111, 455, 1177, 337, 40, 484, 265, 447, 456, 417, 777, 1066, 562, 1103, 243, 171, 1093, 63, 343, 1153, 1029, 207, 241, 851, 584, 528, 970, 1025, 299, 317, 622, 621, 27, 5, 125, 278, 685, 93, 1123, 769, 1158, 776, 531, 716, 872, 119, 887, 43, 260, 491, 1004, 1085, 522, 688, 539, 935, 494, 581, 626, 48, 73, 1154, 1005, 684, 319, 637, 693, 26, 191, 555, 1070, 515, 940, 983, 1024, 397, 271, 913, 203, 888, 1074, 835, 204, 765, 1166, 813, 122, 853, 1051, 316, 1140, 963, 1100, 752, 816, 1176, 1144, 322, 880, 362, 623, 854, 915, 1190, 927, 174, 192, 675, 231, 443, 479, 1196, 79, 750, 754, 18, 819, 1109, 481, 1169, 1092, 294, 480, 524, 730, 7, 209, 489, 746, 508, 86, 496, 1151, 224, 302, 504, 753, 39, 313, 333, 699, 631, 121, 83, 219, 743, 802, 1056, 37, 532, 1136, 389, 438, 1041, 664, 199, 1055, 1076, 1091, 1054, 821, 672, 954, 1018, 1143, 1173, 131, 721, 53, 534, 1122, 937, 545, 607, 250, 630, 490, 1142, 274, 1098, 855, 969, 59, 519, 756, 141, 520, 596, 175, 383, 1032, 1139, 363, 482, 242, 387, 463, 1179, 267, 434, 1170, 254, 461, 557, 958, 6, 351, 1189, 149, 1208, 428, 585, 677, 1121, 999, 1067, 668, 3, 234, 687, 795, 1108, 402, 1083, 749, 393, 352, 877, 35, 368, 762, 918, 1072, 354, 823, 94, 431, 774, 9, 407, 1044, 578, 1060, 530, 1046, 80, 92, 229, 707, 160, 262, 1042, 391, 280, 605, 934, 978, 627, 392, 477, 724, 1065, 597, 74, 103, 115, 588, 155, 650, 986, 228, 244, 863, 105, 728, 1206, 1047, 223, 768, 1001, 949, 188, 879, 1016, 415, 416, 847, 990, 553, 1048, 142, 590, 656, 1080, 365, 742, 1193, 897, 976, 593, 382, 763, 1132, 733, 1112, 268, 833, 411, 1106, 1191, 506, 237, 678, 257, 968, 378, 20, 282, 1171, 396, 600, 61, 702, 648, 901, 281, 780, 99, 129, 67, 546, 793, 951, 845, 136, 1038, 679, 771, 98, 301, 348, 459, 701, 870, 894, 916, 941, 946, 277, 516, 639, 226, 256, 844, 307, 1064, 65, 233, 591, 939, 176, 625, 214, 239, 864, 1033, 884, 475, 217, 998, 19, 291, 929, 962, 145, 187, 211, 601, 432, 117, 1202, 1148, 279, 1133, 644, 118, 81, 1149, 536, 873, 1207, 567, 296, 1073, 775, 570, 1125, 881, 988, 465, 544, 156, 130, 304, 655, 706, 971, 905, 163, 503, 493, 1063, 732, 824, 850, 258, 292, 885, 314, 926, 791, 1090, 859, 1137, 183, 1174, 1102, 551, 12, 784, 705, 400, 676, 147, 390, 157, 653, 690, 381, 803, 13, 113, 1107, 674, 54, 694, 695, 665, 646, 579, 643, 430, 196, 502, 236, 577, 272, 249, 788, 75, 919, 778, 737]"
What are the clinical or biochemical features of pancreatitis in CF patients,"[692, 890, 889, 1059, 652, 950, 704, 468, 852, 238, 302, 507, 938, 832, 419, 1050, 200, 818, 1058, 727, 197, 792, 464, 1116, 977, 899, 582, 966, 478, 338, 722, 111, 906, 719, 152, 569, 386, 1087, 185, 418, 673, 1130, 945, 871, 1081, 967, 367, 86, 1195, 861, 632, 445, 154, 543, 330, 805, 287, 508, 405, 263, 1037, 1022, 1005, 143, 849, 1162, 612, 1197, 347, 868, 1123, 1120, 222, 266, 357, 729, 627, 1033, 403, 914, 246, 429, 218, 589, 44, 669, 448, 654, 540, 709, 458, 811, 1095, 68, 828, 41, 800, 1126, 955, 1071, 161, 182, 539, 637, 882, 369, 633, 1199, 863, 460, 412, 433, 563, 985, 1012, 413, 1187, 14, 726, 1029, 560, 858, 271, 583, 451, 424, 1107, 190, 373, 410, 911, 293, 635, 713, 807, 252, 1000, 16, 505, 649, 471, 94, 5, 608, 360, 1118, 123, 528, 734, 820, 799, 875, 466, 736, 1160, 404, 991, 128, 217, 710, 525, 28, 1061, 1200, 117, 907, 326, 920, 857, 1079, 366, 661, 224, 349, 670, 0, 184, 334, 958, 841, 766, 829, 641, 350, 717, 138, 212, 685, 8, 797, 454, 247, 17, 1097, 1101, 1131, 548, 912, 23, 106, 70, 336, 423, 359, 981, 234, 1152, 483, 917, 1024, 718, 836, 168, 688, 664, 1177, 25, 1007, 762, 872, 595, 698, 300, 851, 119, 260, 346, 307, 599, 289, 707, 896, 72, 1129, 1119, 179, 876, 149, 592, 606, 515, 728, 770, 786, 842, 939, 760, 1076, 37, 521, 668, 494, 576, 814, 1002, 320, 1030, 121, 58, 1156, 779, 620, 131, 574, 953, 1105, 442, 614, 318, 50, 689, 616, 115, 376, 867, 980, 108, 101, 533, 473, 629, 1183, 10, 741, 848, 164, 467, 657, 88, 626, 1027, 524, 990, 66, 379, 370, 389, 957, 1155, 2, 1167, 978, 1185, 873, 789, 812, 43, 711, 63, 510, 902, 767, 684, 202, 555, 345, 362, 1135, 1064, 137, 6, 683, 299, 512, 822, 22, 142, 340, 443, 388, 456, 511, 609, 125, 174, 194, 514, 815, 918, 1052, 725, 150, 869, 520, 308, 33, 834, 1153, 453, 853, 162, 903, 1204, 189, 1017, 436, 642, 927, 1175, 291, 1128, 813, 114, 580, 32, 1192, 794, 341, 364, 519, 748, 51, 286, 928, 506, 596, 90, 365, 40, 845, 440, 785, 944, 992, 420, 339, 99, 700, 276, 178, 1108, 556, 777, 640, 398, 930, 1158, 27, 455, 368, 816, 297, 562, 147, 865, 151, 706, 232, 321, 997, 265, 1057, 476, 901, 113, 155, 925, 778, 278, 782, 1080, 1138, 915, 963, 1208, 358, 9, 169, 1066, 721, 835, 1176, 322, 1088, 180, 285, 201, 492, 1067, 752, 1122, 1111, 916, 1201, 484, 891, 530, 699, 1110, 1092, 192, 1206, 1056, 1189, 361, 233, 1121, 126, 571, 610, 432, 578, 740, 3, 1143, 112, 1196, 705, 1163, 949, 209, 941, 481, 546, 716, 1186, 206, 1034, 489, 1169, 601, 1093, 765, 229, 503, 746, 35, 305, 708, 587, 910, 1203, 415, 1015, 1075, 634, 343, 59, 258, 781, 141, 267, 383, 951, 1133, 1090, 371, 1115, 954, 1006, 7, 31, 191, 584, 893, 687, 310, 303, 241, 905, 968, 421, 480, 808, 1149, 802, 203, 846, 62, 85, 1001, 84, 1055, 558, 1032, 77, 714, 250, 496, 387, 561, 866, 859, 317, 1159, 97, 259, 934, 397, 743, 116, 298, 498, 932, 898, 1182, 534, 1018, 769, 618, 753, 651, 430, 690, 824, 663, 630, 469, 491, 513, 804, 1039, 428, 776, 1073, 1106, 294, 392, 750, 847, 425, 986, 1083, 171, 565, 280, 723, 940, 1140, 1048, 499, 441, 701, 568, 870, 672, 854, 900, 60, 970, 1023, 675, 757, 36, 438, 659, 277, 1062, 210, 554, 999, 909, 79, 922, 946, 1036, 567, 417, 532, 547, 199, 1046, 13, 488, 431, 897, 840, 995, 463, 886, 850, 1202, 313, 784, 880, 268, 391, 756, 236, 1044, 427, 677, 887, 394, 1148, 1060, 281, 477, 660, 129, 237, 585, 1180, 962, 678, 434, 118, 619, 806, 936, 1074, 459, 768, 895, 262, 1068, 98, 1191, 30, 712, 662, 730, 877, 1069, 122, 1109, 333, 500, 4, 396, 759, 400, 885, 605, 516, 301, 380, 1003, 549, 982, 53, 312, 761, 883, 1165, 284, 74, 624, 888, 674, 1139, 557, 686, 976, 715, 356, 1041, 1038, 650, 19, 749, 631, 385, 134, 351, 251, 695, 1157, 42, 591, 588, 187, 402, 145, 198, 208, 181, 157, 509, 148, 472, 1016, 80, 490, 860, 354, 593, 1008, 414, 325, 926, 211, 146, 570, 65, 655, 572, 274, 594, 579, 1137, 390, 183, 878, 34]"
What non-invasive tests can be performed for the evaluation of exocrine pancreatic function in patients with CF,"[911, 792, 861, 811, 692, 418, 445, 1045, 483, 800, 539, 44, 1119, 451, 501, 569, 1113, 1130, 1059, 722, 890, 217, 540, 123, 1162, 1081, 1116, 543, 5, 225, 725, 194, 1153, 587, 918, 787, 388, 559, 293, 376, 507, 945, 1058, 45, 754, 405, 1086, 633, 1167, 86, 330, 344, 920, 614, 238, 320, 300, 345, 200, 243, 14, 632, 367, 1107, 152, 977, 836, 1088, 862, 336, 899, 726, 626, 263, 704, 1002, 287, 661, 871, 586, 1013, 785, 23, 957, 219, 185, 59, 814, 875, 28, 849, 464, 347, 967, 212, 580, 446, 801, 295, 412, 149, 182, 760, 308, 652, 766, 1087, 668, 433, 453, 1009, 718, 261, 892, 538, 834, 161, 119, 424, 517, 751, 16, 33, 818, 889, 606, 724, 41, 460, 1136, 670, 139, 904, 29, 691, 159, 246, 978, 1079, 338, 966, 26, 1075, 267, 603, 650, 252, 518, 187, 781, 595, 882, 216, 478, 608, 741, 914, 817, 669, 382, 917, 1128, 1197, 416, 525, 734, 326, 786, 47, 164, 1053, 2, 205, 912, 927, 950, 38, 239, 505, 1091, 719, 117, 288, 368, 1037, 576, 1195, 138, 837, 313, 1138, 118, 473, 556, 779, 1024, 996, 172, 476, 458, 0, 190, 703, 470, 1095, 750, 736, 467, 616, 7, 276, 938, 94, 989, 71, 297, 789, 1131, 132, 323, 349, 1151, 1071, 1168, 839, 1114, 37, 273, 783, 713, 299, 588, 220, 840, 131, 970, 57, 1028, 635, 663, 856, 442, 857, 953, 1188, 955, 1199, 609, 906, 960, 832, 174, 828, 833, 594, 908, 1006, 897, 940, 1099, 108, 114, 963, 168, 468, 154, 1008, 762, 522, 868, 589, 1156, 381, 642, 813, 88, 247, 357, 1104, 1135, 1155, 512, 1129, 360, 27, 17, 111, 985, 341, 4, 318, 657, 740, 1012, 58, 113, 511, 560, 1103, 403, 1098, 270, 574, 583, 820, 204, 575, 870, 96, 309, 350, 1132, 876, 346, 545, 1126, 602, 265, 386, 1194, 319, 1120, 873, 962, 972, 1015, 916, 337, 612, 744, 68, 407, 850, 294, 651, 891, 607, 230, 900, 306, 829, 1160, 366, 379, 649, 1191, 91, 151, 711, 213, 641, 907, 702, 195, 404, 166, 562, 134, 673, 1101, 1187, 546, 22, 443, 1010, 508, 601, 197, 796, 709, 1062, 1111, 436, 165, 584, 610, 410, 667, 1050, 340, 994, 1198, 1175, 1082, 285, 120, 419, 1192, 106, 389, 506, 628, 268, 532, 142, 378, 1163, 756, 858, 133, 700, 302, 864, 1047, 19, 617, 848, 186, 573, 1040, 232, 359, 867, 1157, 440, 1029, 435, 15, 571, 160, 307, 797, 764, 335, 485, 599, 1027, 968, 266, 777, 112, 329, 541, 716, 32, 1023, 1118, 568, 279, 752, 805, 979, 1183, 245, 761, 851, 992, 334, 563, 681, 590, 689, 822, 923, 198, 384, 1000, 1174, 494, 723, 66, 838, 60, 125, 1140, 356, 768, 925, 1134, 1179, 90, 143, 708, 794, 695, 929, 1122, 237, 739, 199, 466, 643, 729, 808, 101, 611, 324, 492, 810, 947, 490, 1017, 896, 1044, 984, 1022, 1172, 48, 654, 1052, 73, 155, 743, 823, 881, 277, 1094, 605, 841, 1171, 1067, 43, 493, 982, 521, 842, 251, 1123, 278, 229, 40, 126, 314, 527, 298, 533, 690, 807, 240, 201, 542, 260, 262, 455, 582, 365, 698, 799, 332, 510, 738, 770, 456, 203, 895, 995, 1176, 971, 1182, 983, 1100, 339, 671, 1105, 975, 283, 552, 1057, 1117, 874, 1032, 885, 549, 915, 1035, 928, 271, 373, 618, 189, 375, 715, 431, 727, 763, 1200, 748, 835, 46, 1003, 1203, 153, 399, 358, 898, 969, 124, 184, 253, 328, 429, 631, 566, 1109, 224, 454, 905, 949, 648, 1068, 448, 1121, 98, 211, 909, 991, 31, 1072, 854, 206, 893, 1078, 258, 109, 434, 351, 958, 496, 707, 843, 35, 816, 207, 449, 259, 1051, 1060, 107, 565, 223, 852, 720, 620, 869, 10, 193, 1180, 793, 1085, 1124, 629, 732, 932, 1206, 685, 597, 859, 1016, 209, 25, 363, 683, 1189, 694, 1181, 280, 831, 547, 1054, 20, 1204, 52, 281, 1011, 178, 660, 746, 179, 370, 676, 103, 242, 310, 471, 500, 129, 76, 625, 1159, 311, 524, 241, 1005, 672, 1038, 630, 3, 221, 316, 581, 662, 498, 317, 664, 1031, 115, 477, 627, 1004, 1164, 21, 519, 352, 585, 286, 218, 438, 1066, 728, 812, 959, 1043, 1083, 774, 437, 682, 1076, 515, 730, 1144, 675, 415, 1033, 798, 301, 385, 921, 235, 825, 67, 135, 903, 402, 880, 1170, 64, 1149, 1202, 342, 147, 863, 394, 640, 1166, 398, 572, 784, 853, 1092, 63, 1055, 1178, 256, 1143, 520, 83, 846, 1201, 701, 305, 1152, 637, 191, 1001, 913, 420, 593, 150, 274, 282, 322, 167, 624, 534, 655, 1030, 941, 757, 976, 1102, 776, 1018, 706, 712, 888, 441, 269, 42, 387, 1064, 1073, 121, 530, 615, 987, 855, 61, 939, 557, 696, 272, 596, 578, 931, 472, 1148, 181, 990, 1158, 50, 417, 421, 53, 502, 674, 1080, 361, 62, 422, 678, 503, 910, 291, 13, 778, 986, 567, 639, 536, 504, 9, 39, 1106, 491, 1137, 78, 105, 6, 544, 51, 141, 233, 688, 901, 183, 1112, 304, 425, 680, 926, 1169, 844, 36, 767, 227, 400, 12, 802, 1020, 824, 791, 529, 604, 482, 1036, 499, 1048, 459, 665, 110, 721, 930, 30, 255, 988, 845, 56, 634, 922, 934, 1014, 679, 951, 1090, 826, 1154, 1115, 80, 465, 737, 878, 489, 463, 553, 411, 214, 577, 275, 780, 176, 1207, 1139, 75, 426, 497]"
What are the hepatic complications or manifestations of CF,"[889, 478, 238, 507, 1050, 985, 445, 832, 950, 719, 713, 890, 852, 1156, 369, 1175, 200, 692, 266, 44, 829, 346, 1131, 264, 419, 635, 652, 143, 654, 17, 637, 25, 560, 569, 1058, 938, 1030, 797, 362, 111, 424, 1037, 418, 471, 907, 683, 154, 711, 772, 58, 869, 161, 673, 162, 347, 914, 1087, 152, 357, 70, 360, 429, 542, 876, 1126, 185, 137, 875, 263, 818, 748, 1120, 106, 912, 991, 576, 726, 1081, 1187, 927, 1197, 857, 405, 741, 899, 632, 822, 234, 420, 1116, 989, 528, 442, 764, 379, 592, 27, 595, 1027, 359, 10, 1199, 90, 338, 349, 977, 133, 1019, 1071, 252, 682, 571, 820, 1183, 727, 799, 614, 1130, 1147, 841, 1079, 127, 1086, 9, 1097, 398, 957, 1094, 1022, 468, 782, 550, 997, 731, 8, 1160, 539, 89, 66, 921, 839, 616, 326, 403, 910, 464, 967, 466, 657, 57, 620, 670, 863, 1052, 925, 350, 786, 704, 1101, 722, 574, 413, 386, 190, 610, 302, 622, 1128, 718, 1167, 583, 906, 358, 366, 834, 1152, 453, 1195, 563, 467, 1153, 33, 11, 232, 101, 225, 609, 1129, 224, 189, 202, 721, 206, 559, 981, 138, 689, 538, 1012, 773, 462, 404, 126, 779, 725, 1135, 179, 452, 628, 1002, 254, 508, 293, 1045, 736, 278, 421, 561, 68, 327, 1142, 233, 642, 109, 160, 1114, 992, 699, 685, 990, 586, 651, 582, 1092, 30, 159, 259, 1206, 99, 813, 1065, 1023, 218, 696, 684, 472, 514, 519, 870, 319, 257, 530, 536, 767, 640, 687, 103, 915, 448, 361, 428, 778, 371, 178, 412, 494, 1177, 184, 1005, 1080, 629, 944, 1034, 115, 783, 844, 6, 534, 578, 1060, 298, 634, 271, 481, 746, 664, 872, 291, 662, 372, 294, 1201, 1145, 1136, 831, 742, 175, 1044, 1143, 297, 499, 95, 627, 896, 986, 352, 1149, 50, 121, 686, 1090, 1048, 40, 391, 311, 815, 853, 922, 544, 493, 1074, 383, 679, 1088, 118, 262, 86, 443, 201, 317, 63, 1039, 1072, 286, 716, 771, 951, 180, 304, 79, 392, 762, 956, 1062, 1093, 203, 219, 217, 515, 1169, 1179, 36, 125, 1184, 655, 623, 484, 323, 555, 932, 973, 1173, 1115, 156, 1193, 26, 557, 988, 226, 758, 5, 1163, 315, 668, 97, 776, 1121, 280, 305, 230, 798, 241, 397, 83, 806, 596, 969, 816, 964, 100, 532, 805, 774, 698, 588, 495, 119, 1200, 1127, 810, 601, 757, 780, 277, 846, 1102, 987, 1055, 1180, 723, 770, 414, 880, 122, 671, 183, 974, 37, 1109, 167, 1110, 407, 430, 1046, 648, 94, 465, 1202, 712, 1170, 823, 641, 104, 1089, 436, 901, 332, 141, 1033, 968, 130, 402, 460, 188, 570, 615, 28, 949, 1112, 1148, 577, 791, 351, 759, 12, 394, 47, 157, 605, 84, 378, 490, 312, 282, 551, 665, 998, 705, 236, 1161, 1001, 1008, 92, 833, 509, 1006, 135, 380, 701, 656, 441]"
What are the gastrointestinal complications of CF after the neonatal period exclude liver disease and meconium ileus,"[889, 262, 428, 569, 418, 508, 79, 39, 63, 302, 419, 507, 319, 1092, 421, 482, 510, 634, 1050, 539, 348, 329, 184, 534, 369, 271, 490, 802, 467, 414, 154, 194, 234, 519, 338, 863, 217, 699, 238, 927, 1020, 588, 944, 407, 733, 27, 744, 1156, 1086, 676, 420, 1112, 652, 1175, 719, 724, 921, 1045, 99, 1201, 560, 405, 609, 177, 818, 308, 974, 1113, 713, 667, 832, 478, 882, 501, 985, 472, 709, 231, 862, 726, 451, 160, 542, 1131, 1081, 40, 692, 200, 1048, 1058, 111, 259, 445, 315, 716, 907, 912, 530, 616, 159, 264, 914, 468, 1136, 570, 1043, 1119, 17, 857, 1065, 89, 661, 670, 654, 816, 486, 705, 938, 1057, 972, 829, 1190, 852, 386, 448, 836, 185, 548, 688, 360, 993, 286, 656, 254, 294, 1138, 538, 923, 359, 820, 422, 1059, 1010, 749, 266, 822, 195, 1001, 561, 1167, 796, 1027, 1071, 922, 604, 84, 412, 466, 1126, 620, 722, 736, 351, 1041, 596, 980, 511, 890, 610, 9, 811, 403, 595, 176, 553, 330, 673, 442, 559, 222, 943, 950, 839, 725, 263, 416, 233, 603, 783, 850, 1033, 682, 773, 833, 1093, 536, 161, 545, 934, 1122, 1177, 582, 687, 50, 789, 827, 8, 109, 354, 870, 1060, 977, 767, 1030, 260, 1105, 28, 350, 704, 349, 346, 382, 593, 988, 344, 686, 760, 47, 115, 1132, 1161, 462, 1135, 119, 1197, 417, 778, 1029, 631, 745, 812, 1064, 1183, 1187, 685, 772, 137, 164, 103, 1206, 66, 44, 750, 1035, 25, 126, 230, 826, 131, 278, 333, 1199, 1123, 296, 305, 691, 915, 152, 481, 1075, 58, 298, 383, 916, 992, 997, 453, 727, 774, 1191, 598, 0, 779, 4, 742, 782, 1002, 592, 45, 777, 1000, 1120, 543, 683, 515, 901, 925, 1031, 201, 251, 786, 785, 855, 1076, 90, 180, 684, 1145, 168, 373, 1099, 637, 218, 854, 55, 288, 430, 1053, 202, 312, 632, 910, 911, 106, 247, 837, 1116, 574, 876, 1022, 182, 576, 393, 711, 37, 123, 831, 117, 270, 362, 955, 133, 1130, 746, 797, 848, 856, 384, 787, 391, 975, 139, 398, 206, 1198, 143, 471, 1208, 88, 590, 1114, 261, 1019, 1090, 794, 347, 1062, 1094, 1101, 717, 244, 541, 555, 275, 675, 371, 653, 326, 454, 748, 759, 424, 114, 728, 127, 220, 979, 990, 30, 402, 429, 642, 1128, 1056, 669, 808, 1179, 1185, 622, 781, 179, 470, 1087, 293, 401, 81, 245, 532, 355, 456, 621, 869, 100, 867, 19, 807, 946, 1196, 586, 954, 599, 400, 1176, 95, 190, 597, 1005, 1109, 1143, 1170, 310, 343, 578, 606, 291, 714, 861, 1080, 875, 1168, 805, 853, 662, 991, 1088, 32, 358, 679, 899, 828, 1166, 635, 192, 227, 1024, 476, 498, 689, 718, 740, 968, 583, 894, 1150, 16, 469, 614, 1118, 101, 908, 1008, 252, 404, 641, 357, 232, 311, 506, 318, 479, 587, 605, 1023, 1155, 86, 186, 297, 336, 1082, 1163, 520, 512, 1194, 580, 903, 964, 1111, 1202, 121, 175, 913, 118, 528, 627, 1103, 484, 224, 303, 900, 54, 611, 138, 283, 432, 518, 872, 1079, 1102, 1162, 300, 374, 1195, 1154, 680, 757, 1149, 967, 1037, 474, 648, 1115, 167, 804, 59, 413, 1039, 189, 896, 366, 178, 488, 729, 571, 495, 550, 1146, 65, 775, 810, 892, 969, 5, 29, 36, 92, 638, 865, 219, 932, 1129, 754, 246, 502, 845, 287, 1072, 1098, 629, 659, 12, 799, 1144, 947, 397, 314, 455, 765, 306, 961, 1032, 884, 626, 363, 372, 1028, 284, 549, 256, 320, 438, 995, 780, 394, 678, 708, 554, 957, 800, 981, 1052, 48, 51, 322, 446, 978, 10, 94, 499, 636, 503, 824, 1009, 1012, 212, 356, 368, 493, 1180, 1200, 618, 949, 388, 893, 1096, 157, 62, 589, 485, 920, 951, 1160, 307, 158, 982, 505, 625, 937, 563, 436, 702, 427, 763, 895, 104, 734, 75, 181, 408, 1089, 860, 169, 791, 74, 223, 602, 556, 847, 752, 793, 125, 743, 567, 460, 738, 142, 102, 986, 1014, 135, 151, 1015, 577, 834, 513, 929, 1078, 879, 461, 815, 208, 459, 701, 1077, 841, 339, 98, 568, 655, 840, 936, 82, 1006, 97, 551, 809, 877, 450, 960, 365, 301, 533, 1069, 1153, 281, 61, 756, 1046, 337, 706, 795, 1054, 193, 558, 651, 958, 924, 1139, 1108, 441, 843, 83, 497, 1133, 1100, 1036, 73, 1034, 265, 155, 566, 956, 994, 236, 444, 813, 971, 173, 1171, 272, 859, 864, 665, 535, 650, 1068, 207, 1016, 821, 389, 491, 544, 1204, 492, 87, 489, 730, 1152, 509, 919, 145, 6, 941, 1173, 425, 873, 619, 304, 600, 516, 1047, 292, 866, 309, 435, 60, 522, 1110, 1159, 147, 457, 239, 191, 361, 1174, 7, 390, 984, 601, 53, 500, 970, 321, 998, 328, 85, 77, 431, 1178, 352, 693, 274, 136, 888, 557, 644, 120, 732, 107, 183, 695, 381, 1017, 475, 720, 163, 585, 415, 215, 323, 883, 881, 392, 1063, 755, 575, 594, 1124, 723, 166, 146, 380, 690, 1141, 235, 926, 1117, 188, 721, 546, 242, 838, 465, 962, 1207, 1003, 1, 255, 64, 21]"
What is the most effective regimen for the use of pancreatic enzyme supplements in the treatment of CF patients,"[977, 368, 899, 861, 142, 540, 734, 890, 569, 174, 527, 370, 436, 45, 224, 692, 722, 796, 338, 774, 800, 818, 458, 222, 433, 828, 119, 403, 700, 307, 1058, 464, 906, 123, 520, 1024, 330, 37, 792, 405, 808, 493, 182, 1086, 1116, 911, 654, 367, 386, 152, 583, 1059, 70, 168, 1195, 505, 373, 1045, 669, 1162, 770, 1099, 1129, 1022, 967, 287, 1138, 94, 672, 1107, 6, 5, 1126, 28, 232, 53, 566, 16, 162, 709, 223, 488, 213, 483, 1105, 238, 916, 263, 319, 1060, 783, 352, 510, 1012, 1114, 938, 1013, 339, 1006, 179, 966, 468, 43, 947, 418, 297, 539, 784, 543, 356, 261, 719, 1153, 513, 811, 279, 589, 785, 980, 1023, 747, 1130, 57, 1113, 382, 547, 1183, 1135, 525, 918, 41, 1174, 982, 293, 1081, 885, 512, 552, 632, 71, 443, 200, 310, 311, 46, 957, 410, 586, 111, 376, 59, 1087, 754, 1009, 98, 892, 1197, 113, 2, 276, 103, 1079, 507, 641, 1119, 971, 14, 989, 889, 451, 704, 812, 121, 804, 852, 308, 762, 326, 671, 285, 945, 822, 1194, 609, 562, 250, 128, 580, 1136, 633, 521, 648, 995, 478, 1027, 832, 1037, 301, 545, 160, 379, 801, 29, 856, 212, 498, 702, 706, 1198, 670, 950, 1071, 341, 86, 1054, 190, 506, 625, 871, 931, 1171, 786, 882, 89, 691, 1089, 149, 781, 31, 1206, 903, 133, 357, 448, 66, 419, 127, 741, 1120, 1097, 511, 814, 789, 1101, 594, 731, 106, 717, 758, 90, 1106, 154, 933, 725, 820, 336, 701, 420, 344, 724, 875, 199, 22, 295, 517, 595, 599, 646, 939, 574, 1131, 901, 913, 807, 637, 1103, 76, 960, 1123, 608, 1053, 365, 1070, 51, 992, 1075, 375, 194, 334, 349, 560, 713, 1118, 7, 180, 829, 756, 760, 1091, 201, 612, 491, 726, 862, 1187, 1031, 423, 394, 640, 764, 683, 446, 227, 253, 649, 1002, 23, 908, 1203, 350, 736, 839, 1152, 978, 970, 271, 281, 440, 694, 561, 1145, 125, 192, 277, 516, 920, 1000, 1047, 132, 898, 143, 917, 874, 929, 205, 689, 907, 1167, 303, 354, 596, 628, 857, 390, 65, 979, 230, 677, 718, 522, 782, 768, 886, 912, 221, 576, 817, 1017, 267, 151, 571, 398, 728, 1072, 1038, 249, 603, 299, 626, 246, 668, 759, 388, 500, 652, 118, 824, 124, 380, 252, 161, 455, 900, 1035, 366, 880, 1124, 1168, 975, 155, 304, 738, 186, 1102, 991, 834, 779, 38, 167, 1061, 514, 559, 243, 1134, 300, 1170, 573, 0, 347, 837, 661, 441, 565, 707, 172, 345, 460, 358, 456, 946, 955, 614, 972, 598, 102, 620, 914, 1076, 359, 617, 26, 519, 766, 302, 412, 1010, 85, 591, 1, 508, 858, 62, 159, 331, 909, 1094, 278, 467, 185, 360, 471, 1156, 108, 876, 1200, 838, 1057, 44, 439, 470, 850, 56, 629, 485, 923, 1015, 268, 602, 615, 242, 793, 924, 12, 340, 944, 17, 618, 362, 1177, 1151, 135, 453, 138, 389, 616, 667, 891, 1179, 384, 544, 727, 217, 536, 1093, 67, 806, 1051, 466, 799, 721, 137, 548, 1132, 131, 610, 442, 690, 1052, 477, 797, 867, 868, 953, 985, 541, 853, 1030, 490, 88, 332, 729, 748, 1078, 327, 567, 1056, 1128, 424, 449, 35, 364, 1063, 655, 25, 68, 184, 777, 101, 515, 765, 681, 962, 1188, 32, 429, 830, 206, 333, 716, 1069, 100, 47, 484, 117, 1084, 346, 239, 421, 750, 851, 228, 870, 711, 1016, 298, 997, 708, 1161, 1143, 563, 18, 1062, 58, 963, 531, 790, 265, 335, 934, 949, 866, 240, 698, 942, 767, 863, 1088, 958, 280, 927, 1110, 930, 1064, 79, 805, 191, 115, 153, 294, 787, 988, 324, 385, 896, 15, 604, 1033, 935, 454, 1199, 518, 887, 902, 627, 1142, 526, 577, 769, 776, 607, 173, 581, 218, 320, 241, 291, 810, 757, 524, 480, 1155, 210, 1098, 657, 650, 755, 961, 844, 3, 415, 732, 537, 1140, 1148, 235, 244, 416, 619, 105, 1085, 126, 976, 262, 313, 198, 715, 1032, 289, 1050, 120, 780, 1068, 189, 146, 272, 381, 925, 150, 387, 503, 699, 1080, 107, 528, 869, 635, 237, 428, 148, 116, 1067, 855, 286, 788, 1026, 417, 69, 697, 651, 833, 1109, 771, 1018, 1008, 1165, 407, 969, 664, 438, 613, 685, 932, 749, 292, 1044, 1202, 129, 888, 994, 209, 1092, 968, 219, 402, 337, 435, 897, 568, 401, 743, 859, 61, 778, 621, 343, 1196, 1182, 841, 1090, 195, 921, 499, 1190, 1019, 636, 1117, 141, 1180, 229, 434, 328, 634, 643, 631, 922, 990, 432, 910, 193, 282, 630, 941, 1036, 1185, 166, 254, 110, 296, 735, 1154, 1073, 215, 211, 530, 1122, 255, 21, 601, 1173, 422, 178, 605, 1055, 50, 959, 93, 1191, 881, 1004, 624, 659, 469, 383, 39, 80, 233, 290, 597, 1112, 284, 1003, 1133, 145, 400, 314, 1169, 865, 104, 75, 821, 687, 305, 802, 815, 730, 879, 845, 175, 742, 1137, 259, 795, 712, 251, 208, 878, 393, 504, 274, 130, 1207, 775, 87, 791, 593, 502, 426, 214, 196, 937, 497, 998, 884, 553, 638, 1139, 572]"
Is dietary supplementation with bile salts of therapeutic benefit to CF patients,"[403, 1086, 700, 773, 906, 338, 818, 433, 796, 977, 232, 569, 66, 899, 330, 734, 828, 1126, 200, 1129, 1183, 774, 37, 225, 717, 1058, 70, 829, 704, 44, 574, 670, 1081, 491, 373, 989, 1138, 398, 857, 890, 1187, 102, 683, 914, 45, 71, 1116, 359, 471, 1097, 420, 677, 152, 595, 719, 1045, 1012, 822, 992, 307, 380, 666, 654, 1104, 168, 538, 583, 326, 839, 525, 1206, 599, 731, 1054, 164, 65, 726, 692, 966, 1028, 1158, 1024, 632, 222, 852, 820, 764, 182, 517, 938, 673, 161, 661, 598, 754, 405, 1071, 90, 1114, 1198, 713, 58, 792, 127, 652, 281, 294, 814, 985, 106, 1099, 718, 904, 1130, 1135, 98, 628, 349, 458, 357, 350, 1101, 270, 910, 808, 1013, 379, 424, 689, 786, 849, 875, 160, 507, 23, 760, 620, 856, 220, 1031, 72, 1131, 1167, 287, 446, 817, 1009, 725, 124, 542, 797, 811, 867, 436, 861, 1175, 576, 912, 238, 17, 514, 996, 1006, 5, 0, 967, 347, 876, 1156, 172, 957, 907, 318, 943, 955, 1060, 1195, 1199, 467, 789, 1000, 609, 352, 812, 224, 916, 386, 493, 1002, 1162, 143, 101, 1197, 513, 1050, 1059, 466, 874, 128, 293, 902, 779, 300, 834, 57, 953, 1120, 123, 868, 253, 25, 185, 1022, 366, 137, 1079, 545, 807, 41, 278, 889, 346, 369, 799, 1061, 301, 950, 616, 649, 295, 782, 138, 882, 370, 478, 858, 1153, 633, 832, 917, 610, 975, 263, 223, 1087, 423, 456, 608, 784, 362, 527, 2, 837, 455, 429, 202, 635, 453, 1027, 89, 299, 358, 1038, 911, 589, 1128, 190, 406, 310, 997, 515, 644, 744, 1037, 711, 945, 241, 594, 77, 672, 273, 520, 748, 1096, 671, 983, 206, 11, 1052, 1113, 62, 841, 114, 915, 618, 626, 547, 848, 32, 925, 770, 119, 571, 541, 991, 189, 781, 488, 901, 563, 747, 762, 442, 804, 483, 623, 1102, 328, 356, 452, 342, 565, 289, 534, 539, 800, 1030, 126, 303, 729, 913, 976, 364, 1056, 53, 721, 154, 395, 183, 213, 485, 1106, 271, 368, 648, 1171, 995, 528, 560, 693, 1203, 946, 390, 934, 1064, 207, 1161, 298, 971, 40, 285, 596, 50, 59, 1075, 1083, 121, 681, 339, 498, 142, 355, 544, 742, 769, 279, 637, 664, 31, 699, 125, 430, 738, 512, 758, 566, 898, 1105, 694, 103, 783, 267, 506, 180, 819, 1023, 35, 91, 716, 210, 1085, 1103, 394, 625, 806, 227, 956, 335, 84, 1088, 1144, 940, 472, 150, 179, 276, 768, 95, 1132, 776, 1035, 522, 640, 1093, 900, 351, 443, 155, 257, 885, 192, 261, 561, 736, 987, 519, 12, 524, 268, 1186, 1174, 602, 895, 1047, 1136, 141, 1176, 79, 173, 838, 931, 286, 929, 28, 402, 535, 933, 1069, 1143, 245, 280, 343, 18, 156, 503, 422, 1189, 319, 516, 777, 1026, 532, 118, 708, 936, 1016, 43, 750, 581, 1089, 759, 949, 99, 305, 428, 887, 663, 1072, 1111, 1091, 477, 706, 304, 963, 771, 880, 1170, 1180, 1140, 1108, 1145, 239, 816, 824, 231, 546, 707, 439, 3, 745, 417, 510, 775, 174, 246, 184, 752, 1078, 1151, 302, 970, 292, 475, 888, 1010, 1159, 203, 870, 149, 850, 1207, 249, 105, 1164, 1121, 97, 1100, 1015, 1163, 1082, 1179, 743, 883, 1055, 903, 715, 695, 1032, 1095, 116, 749, 1112, 7, 851, 171, 317, 601, 536, 621, 167, 109, 131, 265, 964, 67, 1201, 495, 866, 4, 756, 309, 556, 746, 198, 322, 897, 1149, 1020, 886, 19, 170, 382, 479, 449, 658, 1192, 392, 1018, 255, 567, 660, 909, 921, 961, 999, 1146, 93, 284, 881, 484, 226, 51, 508, 1115, 199, 668, 969, 1152, 990, 26, 332, 237, 134, 229, 244, 145, 918, 82, 634, 191, 411, 530, 391, 798, 843, 415, 655, 438, 650, 893, 74, 434, 365, 605, 1008, 63, 588, 765, 864, 129, 122, 1124, 120, 552, 1051, 627, 630, 56, 113, 86, 1182, 607, 568, 233, 387, 730, 714, 720, 378, 859, 1122, 924, 383, 853, 922, 1090, 234, 1073, 187, 489, 872, 1003, 877, 1137, 651, 702, 140, 251, 457, 674, 958, 242, 1004, 905, 511, 825, 727, 130, 631, 6, 785, 1166, 1150, 248, 855, 1001, 381, 629, 188, 593, 600, 1011, 30, 282, 1202, 1074, 791, 962, 80, 735, 1169, 733, 823, 509, 951, 826, 780, 408, 1048, 460, 1178, 504, 1200, 712, 1063, 894, 802, 1172, 157, 217, 176, 275, 502, 42, 236, 177, 393, 873, 315, 998, 34]"
What complications of pancreatic enzyme therapy have been reported in CF patients,"[890, 692, 977, 1058, 654, 238, 899, 889, 507, 540, 405, 722, 458, 719, 861, 478, 418, 338, 569, 152, 1197, 386, 967, 543, 818, 367, 938, 123, 1086, 796, 1087, 1116, 182, 224, 111, 770, 464, 1195, 792, 1059, 734, 1162, 433, 200, 330, 800, 713, 5, 950, 1105, 1130, 436, 222, 369, 319, 832, 828, 1183, 263, 179, 1022, 142, 560, 468, 41, 368, 632, 505, 448, 822, 829, 1129, 525, 266, 1156, 849, 1079, 45, 811, 727, 410, 704, 154, 264, 379, 174, 669, 37, 70, 287, 527, 985, 1071, 673, 852, 127, 921, 539, 1081, 783, 326, 589, 1120, 863, 106, 670, 2, 71, 966, 875, 957, 700, 1050, 168, 28, 293, 991, 717, 709, 1198, 612, 637, 911, 1027, 57, 1187, 133, 1113, 403, 6, 510, 1099, 339, 1126, 1037, 856, 576, 907, 1045, 190, 1131, 14, 347, 311, 143, 419, 876, 25, 583, 980, 22, 882, 89, 493, 947, 483, 586, 442, 125, 908, 160, 731, 561, 609, 820, 420, 421, 683, 857, 358, 596, 43, 1138, 302, 827, 359, 161, 291, 51, 711, 1097, 652, 16, 773, 225, 774, 508, 121, 360, 812, 66, 511, 90, 595, 1028, 661, 451, 726, 520, 1194, 297, 1114, 334, 1060, 128, 760, 1054, 254, 762, 17, 349, 1119, 44, 807, 376, 185, 786, 271, 633, 232, 728, 119, 471, 362, 1012, 1136, 382, 574, 1101, 240, 582, 599, 914, 428, 645, 797, 1000, 357, 571, 94, 247, 412, 917, 1030, 217, 399, 1013, 366, 413, 1152, 702, 725, 46, 689, 978, 1206, 1104, 548, 307, 616, 649, 370, 519, 620, 682, 512, 308, 741, 1118, 779, 764, 1024, 1135, 58, 718, 920, 398, 443, 635, 124, 536, 912, 542, 858, 1052, 1170, 350, 101, 862, 201, 371, 460, 310, 439, 1177, 1002, 1091, 913, 10, 446, 799, 706, 424, 23, 501, 545, 903, 276, 538, 131, 1006, 184, 834, 103, 346, 1167, 1057, 629, 781, 782, 1023, 456, 109, 933, 867, 114, 216, 837, 628, 1160, 1009, 671, 299, 1103, 99, 341, 1107, 365, 990, 767, 975, 668, 997, 202, 270, 805, 794, 1066, 1153, 748, 563, 218, 703, 918, 223, 253, 278, 1094, 640, 927, 580, 785, 992, 772, 389, 132, 467, 86, 429, 7, 453, 115, 189, 610, 233, 466, 513, 1076, 250, 345, 1199, 804, 870, 137, 724, 138, 352, 499, 898, 32, 246, 810, 1005, 262, 455, 808, 95, 1108, 747, 1084, 38, 514, 1019, 541, 871, 149, 939, 565, 622, 286, 916, 417, 63, 729, 79, 936, 744, 909, 778, 707, 648, 503, 1145, 925, 375, 982, 946, 641, 935, 986, 59, 745, 841, 1128, 1051, 995, 721, 672, 681, 1090, 944, 1070, 76, 524, 662, 830, 180, 173, 206, 480, 126, 896, 1072, 1158, 627, 472, 664, 1092, 327, 940, 515, 930, 481, 552, 910, 1106, 615, 30, 257, 135, 1017, 528, 495, 891, 759, 1064, 498, 1203, 118, 566, 356, 1151, 40, 679, 155, 411, 742, 85, 261, 983, 212, 440, 716, 1111, 618, 866, 1065, 1089, 102, 988, 331, 488, 750, 98, 547, 150, 1093, 267, 317, 578, 915, 821, 191, 963, 279, 230, 394, 227, 752, 873, 113, 694, 749, 634, 1144, 459, 880, 281, 355, 777, 970, 1044, 383, 199, 294, 441, 636, 746, 754, 387, 3, 701, 53, 409, 323, 117, 892, 1200, 105, 534, 415, 175, 1196, 901, 438, 268, 684, 934, 221, 1083, 259, 971, 477, 768, 427, 677, 651, 942, 277, 1056, 93, 1032, 522, 658, 1018, 1140, 1088, 167, 843, 847, 1016, 50, 854, 210, 544, 1033, 530, 686, 1102, 885, 630, 1115, 526, 333, 776, 100, 496, 845, 385, 435, 568, 708, 1143, 305, 699, 110, 958, 1047, 35, 756, 1034, 39, 401, 292, 1069, 20, 594, 567, 1046, 1132, 31, 1042, 687, 557, 675, 248, 430, 922, 1180, 1182, 78, 237, 532, 1171, 260, 730, 802, 188, 516, 784, 900, 396, 1122, 888, 601, 1190, 883, 850, 18, 12, 680, 129, 181, 1110, 1133, 860, 758, 134, 84, 229, 280, 581, 823, 158, 208, 122, 437, 74, 400, 1038, 650, 1161, 1149, 753, 301, 1184, 619, 422, 743, 1150, 623, 47, 1020, 1014, 715, 408, 1063, 593, 1125, 315, 434, 249, 577, 343, 1010, 65, 130, 1004, 390, 987, 795, 968, 348, 605, 1062, 926, 1124, 1055, 145, 1077, 791, 690, 723, 894, 141, 380, 242, 976, 546, 1112, 998, 104, 676, 588, 381, 509, 625, 941, 211, 177, 1003, 236, 1, 732]"
